AIC001,”φΌ,BISAI,35.2974,136.7505,5,NA,¤’m§,AICHIKEN,K-NET11A,,
AIC002,¬–q,KOMAKI,35.2979,136.9154,21,NA,¤’m§,AICHIKEN,K-NET11A,,
AIC003,’Γ“‡,TSUSHIMA,35.1734,136.7402,-1,NA,¤’m§,AICHIKEN,K-NET11A,,
AIC004,–ΌΓ‰®,NAGOYA,35.0631,136.9738,30,NA,¤’m§,AICHIKEN,K-NET11A,,
AIC005,“΅‰,FUJIOKA,35.1983,137.2061,134,NA,¤’m§,AICHIKEN,K-NET11A,,
AIC006,ξ•,INABU,35.2158,137.5089,505,NA,¤’m§,AICHIKEN,K-NET11A,,
AIC007,‘«•,ASUKE,35.1394,137.3353,158,NA,¤’m§,AICHIKEN,---,‹x~,suspension
AIC008,έy,SHITARA,35.1006,137.5757,479,NA,¤’m§,AICHIKEN,K-NET11A,,
AIC009,–L“c,TOYOTA,35.0813,137.1466,55,NA,¤’m§,AICHIKEN,K-NET11A,,
AIC010,μθ,TSUKUDE,34.9803,137.4297,539,NA,¤’m§,AICHIKEN,K-NET11A,,
AIC011,’m‘½,CHITA,34.9966,136.8641,5,NA,¤’m§,AICHIKEN,K-NET11A,,
AIC012,ΐι,ANJO,34.9119,137.0446,4,NA,¤’m§,AICHIKEN,K-NET11A,,
AIC013,’·Β,NAGASHINO,34.9529,137.6067,92,NA,¤’m§,AICHIKEN,K-NET11A,,
AIC014,—S,GAMAGORI,34.8285,137.2199,10,NA,¤’m§,AICHIKEN,K-NET11A,,
AIC015,–L‹΄,TOYOHASHI,34.7552,137.4040,17,NA,¤’m§,AICHIKEN,K-NET11A,,
AIC016,”ό•l,MIHAMA,34.7784,136.9082,4,NA,¤’m§,AICHIKEN,K-NET11A,,
AIC017,“c΄,TAHARA,34.6697,137.2638,10,NA,¤’m§,AICHIKEN,K-NET11A,,
AIC018,­”ό,ATSUMI,34.6220,137.1086,22,NA,¤’m§,AICHIKEN,K-NET11A,,
AKT001,¬β,KOSAKA,40.3280,140.7429,166,NA,H“c§,AKITAKEN,K-NET11B,,
AKT002,‘εΩ,OHDATE,40.2676,140.5664,69,NA,H“c§,AKITAKEN,K-NET11C,,
AKT003,“΅—Ά,FUJISATO,40.2784,140.2631,35,NA,H“c§,AKITAKEN,K-NET11C,,
AKT004,”X,HACHIMORI,40.3886,139.9822,27,NA,H“c§,AKITAKEN,K-NET11C,,
AKT005,”\‘γ,NOSHIRO,40.2020,140.0286,17,NA,H“c§,AKITAKEN,K-NET11C,,
AKT006,­p,KAZUNO,40.2153,140.7873,123,NA,H“c§,AKITAKEN,K-NET11B,,
AKT007,‹Υ‹u,KOTOOKA,40.0376,140.0919,17,NA,H“c§,AKITAKEN,K-NET11C,,
AKT008,”Ρ“cμ,IITAGAWA,39.8840,140.0706,4,NA,H“c§,AKITAKEN,K-NET11C,,
AKT009,’j­,OGA,39.8869,139.8467,16,NA,H“c§,AKITAKEN,K-NET11C,,
AKT010,H“c,AKITA,39.7223,140.0998,6,NA,H“c§,AKITAKEN,K-NET11C,,
AKT011,‹{“c,MIYATA,39.8133,140.5805,315,NA,H“c§,AKITAKEN,K-NET11B,,
AKT012,“c‘ςΞ,TAZAWAKO,39.7014,140.7178,206,NA,H“c§,AKITAKEN,K-NET11B,,
AKT013,‹¦a,KYOWA,39.6071,140.3209,39,NA,H“c§,AKITAKEN,K-NET11C,,
AKT014,pΩ,KAKUNODATE,39.5950,140.5573,56,NA,H“c§,AKITAKEN,K-NET11B,,
AKT015,–{‘‘,HONJO,39.3844,140.0519,5,NA,H“c§,AKITAKEN,K-NET11C,,
AKT016,‘ε‹Θ,OHMAGARI,39.4545,140.4758,25,NA,H“c§,AKITAKEN,K-NET11C,,
AKT017,‰΅θ,YOKOTE,39.2978,140.5621,81,NA,H“c§,AKITAKEN,K-NET11C,,
AKT018,’ΉC,CHOKAI,39.1937,140.1899,114,NA,H“c§,AKITAKEN,K-NET11B,,
AKT019,—Y,OGACHI,39.0390,140.4490,173,NA,H“c§,AKITAKEN,K-NET11B,,
AKT020,Ϋƒ,KISAKATA,39.2027,139.9088,7,NA,H“c§,AKITAKEN,K-NET11B,,
AKT021,Άm,ANI,39.9940,140.4035,119,NA,H“c§,AKITAKEN,K-NET11B,,
AKT022,‹Κμ,TAMAGAWA,39.7739,140.6669,270,NA,H“c§,AKITAKEN,K-NET11B,,
AKT023,’Φ‘δ,TSUBAKIDAI,39.1464,140.7161,277,NA,H“c§,AKITAKEN,K-NET11B,,
AOM001,‘εΤ,OHMA,41.5269,140.9246,38,NA,ΒX§,AOMORIKEN,K-NET18,,
AOM002,•‰Y,FUKUURA,41.3280,140.8132,13,NA,ΒX§,AOMORIKEN,K-NET11B,,
AOM003,‘ε”¨,OHHATA,41.4054,141.1699,2,NA,ΒX§,AOMORIKEN,K-NET11B,,
AOM004,K‰®,SHIRIYA,41.4064,141.4477,29,NA,ΒX§,AOMORIKEN,K-NET18,,
AOM005,‚ή‚Β,MUTSU,41.2949,141.1972,10,NA,ΒX§,AOMORIKEN,K-NET11B,,
AOM006,μ“ΰ,KAWAUCHI,41.1976,140.9979,1,NA,ΒX§,AOMORIKEN,K-NET11B,,
AOM007,“μ’Κ,MINAMIDORI,41.1689,141.3845,17,NA,ΒX§,AOMORIKEN,K-NET18,,
AOM008,‰΅•l,YOKOHAMA,41.0844,141.2554,16,NA,ΒX§,AOMORIKEN,K-NET11B,,
AOM009,Zƒ–,ROKKASHO,40.9658,141.3730,13,NA,ΒX§,AOMORIKEN,K-NET18,,
AOM010,–μ•Σ’n,NOHEJI,40.8724,141.1427,21,NA,ΒX§,AOMORIKEN,K-NET18,,
AOM011,O‘ς,MISAWA,40.6803,141.3669,43,NA,ΒX§,AOMORIKEN,K-NET18,,
AOM012,”Λ,HACHINOHE,40.5127,141.4880,12,NA,ΒX§,AOMORIKEN,K-NET11C,,
AOM013,“μ•”,NAMBU,40.4126,141.2813,29,NA,ΒX§,AOMORIKEN,K-NET11C,,
AOM014,qƒmϋ,NENOKUCHI,40.4472,140.9403,432,NA,ΒX§,AOMORIKEN,K-NET11B,,
AOM015,’τƒ–Φ,IKARIGASEKI,40.4791,140.6268,137,NA,ΒX§,AOMORIKEN,K-NET11B,,
AOM016,O‘O,HIROSAKI,40.6021,140.4982,28,NA,ΒX§,AOMORIKEN,K-NET11B,,
AOM017,[‰Y,FUKAURA,40.6388,139.9295,24,NA,ΒX§,AOMORIKEN,K-NET18,,
AOM018,±ƒ–‘ς,AJIGASAWA,40.7776,140.2060,38,NA,ΒX§,AOMORIKEN,K-NET11B,,
AOM019,άμ΄,GOSHOGAWARA,40.8152,140.4470,8,NA,ΒX§,AOMORIKEN,K-NET11B,,
AOM020,ΒX,AOMORI,40.8194,140.7498,3,NA,ΒX§,AOMORIKEN,K-NET11B,,
AOM021,\a“c,TOWADA,40.6150,141.2083,71,NA,ΒX§,AOMORIKEN,K-NET11B,,
AOM022,““c‘ς,HIGASHITAZAWA,40.9923,140.9161,4,NA,ΒX§,AOMORIKEN,K-NET18,,
AOM023,’†—Ά,NAKASATO,40.9664,140.4317,6,NA,ΒX§,AOMORIKEN,K-NET18,,
AOM024,I“c,KANITA,41.0473,140.6399,2,NA,ΒX§,AOMORIKEN,K-NET18,,
AOM025,΅•Κ,IMABETSU,41.1797,140.4805,8,NA,ΒX§,AOMORIKEN,K-NET18,,
AOM026,¬”‘,KODOMARI,41.1280,140.3107,12,NA,ΒX§,AOMORIKEN,K-NET18,,
AOM027,e–μ‘ς,WAKINOSAWA,41.1457,140.8219,16,NA,ΒX§,AOMORIKEN,K-NET11B,,
AOM028,”b“c,HAKKODA,40.7004,140.9190,568,NA,ΒX§,AOMORIKEN,K-NET11B,,
AOM029,Ό–Ϊ‰®,NISHIMEYA,40.5764,140.2968,123,NA,ΒX§,AOMORIKEN,K-NET11B,,
CHB001,–μ“c,NODA,35.9571,139.8731,17,NA,η—t§,CHIBAKEN,K-NET11A,,
CHB002,ΌΛ,MATSUDO,35.7871,139.9024,12,NA,η—t§,CHIBAKEN,K-NET11A,,
CHB003,”’δ,SHIROI,35.7926,140.0577,21,NA,η—t§,CHIBAKEN,K-NET11A,,
CHB004,²΄,SAWARA,35.8889,140.4903,36,NA,η—t§,CHIBAKEN,K-NET11A,,
CHB005,’¶q,CHOSHI,35.7353,140.8271,3,NA,η—t§,CHIBAKEN,K-NET11A,,
CHB006,¬“c,NARITA,35.7790,140.3073,29,NA,η—t§,CHIBAKEN,K-NET11A,,
CHB007,²‘q,SAKURA,35.7237,140.2246,30,NA,η—t§,CHIBAKEN,K-NET11A,,
CHB008,‰Yΐ,URAYASU,35.6556,139.9027,0,NA,η—t§,CHIBAKEN,K-NET11A,,
CHB009,η—t,CHIBA,35.5871,140.2378,41,NA,η—t§,CHIBAKEN,K-NET11A,,
CHB010,”“ϊsκ,YOKAICHIBA,35.7086,140.5637,9,NA,η—t§,CHIBAKEN,K-NET11A,,
CHB011,@ΐ,HASUNUMA,35.5877,140.4971,2,NA,η—t§,CHIBAKEN,K-NET11A,,
CHB012,“‹ΰ,TOGANE,35.5721,140.3436,60,NA,η—t§,CHIBAKEN,K-NET11A,,
CHB013,–Ξ΄,MOBARA,35.4294,140.2892,10,NA,η—t§,CHIBAKEN,K-NET11A,,
CHB014,oθ,ANEZAKI,35.4710,140.0454,8,NA,η—t§,CHIBAKEN,K-NET11A,,
CHB015,–ΨX’Γ,KISARAZU,35.3738,139.9199,2,NA,η—t§,CHIBAKEN,K-NET11A,,
CHB016,–¦,MISAKI,35.2998,140.3866,7,NA,η—t§,CHIBAKEN,K-NET11A,,
CHB017,sκ,ICHIBA,35.2976,140.0734,38,NA,η—t§,CHIBAKEN,K-NET11A,,
CHB018,‰Y,KATSUURA,35.1520,140.3204,38,NA,η—t§,CHIBAKEN,K-NET11A,,
CHB019,‹“μ,KYONAN,35.1106,139.8360,5,NA,η—t§,CHIBAKEN,K-NET11A,,
CHB020,›μ,KAMOGAWA,35.1132,140.1006,9,NA,η—t§,CHIBAKEN,K-NET11A,,
CHB021,”’•l,SHIRAHAMA,34.9078,139.8994,9,NA,η—t§,CHIBAKEN,K-NET11A,,
CHB022,•x’Γ,FUTTSU,35.3033,139.8555,12,NA,η—t§,CHIBAKEN,K-NET11A,,
CHB023,ΩR,TATEYAMA,34.9741,139.8449,30,NA,η—t§,CHIBAKEN,---,‹x~,suspension
CHB024,ξ–Ρ,INAGE,35.6337,140.0781,3,NA,η—t§,CHIBAKEN,K-NET11A,,
CHB025,η‘q,CHIKURA,34.9705,139.9458,74,NA,η—t§,CHIBAKEN,K-NET11A,,
CHB026,’·“μ,CHONAN,35.3858,140.2404,46,NA,η—t§,CHIBAKEN,K-NET11A,,
CHB027,‰Y–k,KATSUURA-N,35.1806,140.2655,98,NA,η—t§,CHIBAKEN,K-NET11A,,
CHB028,sμ–k,ICHIKAWA-N,35.7664,139.9655,26,NA,η—t§,CHIBAKEN,K-NET11A,,
CHB029,s“Ώ,GYOTOKU,35.6948,139.9176,3,NA,η—t§,CHIBAKEN,K-NET11A,,
CHB030,–ΨX’Γs–π,KISARADU-SHIYAKUSYO,35.3766,139.9151,NA,NA,η—t§,CHIBAKEN,---,‹x~,suspension
EHM001,Ι—\O“‡,IYOMISHIMA,33.9788,133.5494,25,NA,¤•Q§,EHIMEKEN,K-NET11A,,
EHM002,V‹•l,NIIHAMA,33.9211,133.3079,63,NA,¤•Q§,EHIMEKEN,K-NET11A,,
EHM003,“—\,TOYO,33.9253,133.0844,4,NA,¤•Q§,EHIMEKEN,K-NET11A,,
EHM004,΅΅,IMABARI,34.0627,132.9986,4,NA,¤•Q§,EHIMEKEN,K-NET11A,,
EHM005,μ“ΰ,KAWAUCHI,33.7973,132.9144,136,NA,¤•Q§,EHIMEKEN,K-NET11A,,
EHM006,”όμ,MIKAWA,33.6412,133.0080,466,NA,¤•Q§,EHIMEKEN,K-NET11A,,
EHM007,–kπ,HOJO,33.9616,132.7719,3,NA,¤•Q§,EHIMEKEN,K-NET11A,,
EHM008,ΌR,MATSUYAMA,33.8199,132.7282,7,NA,¤•Q§,EHIMEKEN,K-NET11A,,
EHM009,L“c,HIROTA,33.6333,132.7965,252,NA,¤•Q§,EHIMEKEN,K-NET11A,,
EHM010,nμ,HIJIKAWA,33.4511,132.6881,191,NA,¤•Q§,EHIMEKEN,K-NET11A,,
EHM011,””¦•l,YAWATAHAMA,33.4498,132.4341,8,NA,¤•Q§,EHIMEKEN,K-NET11A,,
EHM012,‰Fa“‡,UWAJIMA,33.2217,132.5724,34,NA,¤•Q§,EHIMEKEN,K-NET11A,,
EHM013,Oθ,MISAKI,33.3917,132.1140,15,NA,¤•Q§,EHIMEKEN,K-NET11A,,
EHM014,ΌC,NISHIUMI,32.9451,132.5042,3,NA,¤•Q§,EHIMEKEN,K-NET11A,,
EHM015,’·•l,NAGAHAMA,33.6094,132.4768,3,NA,¤•Q§,EHIMEKEN,K-NET11A,,
EHM016,Ι—\,IYO,33.7654,132.7089,3,NA,¤•Q§,EHIMEKEN,K-NET11A,,
FKI001,O‘,MIKUNI,36.2193,136.1565,3,NA,•δ§,FUKUIKEN,K-NET11A,,
FKI002,‰z”U,KOSHINO,36.0391,136.0135,17,NA,•δ§,FUKUIKEN,K-NET11A,,
FKI003,•δ,FUKUI,36.0740,136.2687,12,NA,•δ§,FUKUIKEN,K-NET11A,,
FKI004,‘ε–μ,OHNO,35.9793,136.4867,176,NA,•δ§,FUKUIKEN,K-NET11A,,
FKI005,•¶,TAKEFU,35.9068,136.1748,31,NA,•δ§,FUKUIKEN,K-NET11A,,
FKI006,΅―,IMAJO,35.7731,136.2001,127,NA,•δ§,FUKUIKEN,K-NET11A,,
FKI007,“Φ‰κ,TSURUGA,35.6448,136.0575,4,NA,•δ§,FUKUIKEN,K-NET11A,,
FKI008,O•ϋ,MIKATA,35.5483,135.9091,13,NA,•δ§,FUKUIKEN,K-NET11A,,
FKI009,¬•l,OBAMA,35.4956,135.7509,2,NA,•δ§,FUKUIKEN,K-NET11A,,
FKI010,‚•l,TAKAHAMA,35.4904,135.5518,2,NA,•δ§,FUKUIKEN,K-NET11A,,
FKI011,aς,IZUMI,35.9097,136.6682,436,NA,•δ§,FUKUIKEN,K-NET11A,,
FKO001,ΊC,GENKAI,33.8425,130.5087,6,NA,•‰§,FUKUOKAKEN,K-NET18,,
FKO002,’†Τ,NAKAMA,33.8253,130.7058,3,NA,•‰§,FUKUOKAKEN,K-NET18,,
FKO003,–k‹γB,KITAKYUSHU,33.8324,130.9013,14,NA,•‰§,FUKUOKAKEN,K-NET18,,
FKO004,s‹΄,YUKUHASHI,33.7366,131.0121,3,NA,•‰§,FUKUOKAKEN,K-NET18,,
FKO005,”Ρ’Λ,IIZUKA,33.6520,130.6965,28,NA,•‰§,FUKUOKAKEN,K-NET18,,
FKO006,•‰,FUKUOKA,33.5989,130.3990,2,NA,•‰§,FUKUOKAKEN,K-NET18,,
FKO007,‘O΄,MAEBARU,33.5614,130.2024,6,NA,•‰§,FUKUOKAKEN,K-NET18,,
FKO008,“Y“c,SOEDA,33.5712,130.8546,70,NA,•‰§,FUKUOKAKEN,K-NET18,,
FKO009,’}‡–μ,CHIKUSHINO,33.4954,130.5164,34,NA,•‰§,FUKUOKAKEN,K-NET18,,
FKO010,Γ–Ψ,AMAGI,33.4236,130.6691,61,NA,•‰§,FUKUOKAKEN,K-NET18,,
FKO011,‹v—―•Δ,KURUME,33.3237,130.5118,10,NA,•‰§,FUKUOKAKEN,K-NET18,,
FKO012,•‚‰H,UKIHA,33.3320,130.7940,48,NA,•‰§,FUKUOKAKEN,K-NET18,,
FKO013,”—,YAME,33.2254,130.5608,32,NA,•‰§,FUKUOKAKEN,K-NET18,,
FKO014,–ξ•”,YABE,33.1496,130.8183,325,NA,•‰§,FUKUOKAKEN,K-NET18,,
FKO015,–φμ,YANAGAWA,33.1629,130.4052,3,NA,•‰§,FUKUOKAKEN,K-NET18,,
FKO016,‘ε–΄“c,OHMUTA,33.0159,130.4472,22,NA,•‰§,FUKUOKAKEN,K-NET11B,,
FKS001,‘”n,SOMA,37.7946,140.9192,7,NA,•“‡§,FUKUSHIMAKEN,K-NET11A,,
FKS002,—ΐμ,YANAGAWA,37.8453,140.6008,43,NA,•“‡§,FUKUSHIMAKEN,K-NET11A,,
FKS003,•“‡,FUKUSHIMA,37.7624,140.4781,64,NA,•“‡§,FUKUSHIMAKEN,K-NET11A,,
FKS004,”ΡΪ,IITATE,37.6798,140.7342,488,NA,•“‡§,FUKUSHIMAKEN,K-NET11C,,
FKS005,΄’¬,HARAMACHI,37.6389,140.9853,17,NA,•“‡§,FUKUSHIMAKEN,K-NET11A,,
FKS006,‹”φ,KATSURAO,37.5022,140.7593,471,NA,•“‡§,FUKUSHIMAKEN,K-NET11A,,
FKS007,‘εF,OHKUMA,37.4061,140.9632,70,NA,•“‡§,FUKUSHIMAKEN,K-NET02,,
FKS008,‘Dψ,FUNEHIKI,37.4343,140.5670,442,NA,•“‡§,FUKUSHIMAKEN,K-NET11A,,
FKS009,¬–μ,ONO,37.2796,140.6344,430,NA,•“‡§,FUKUSHIMAKEN,K-NET11A,,
FKS010,L–μ,HIRONO,37.2338,141.0018,43,NA,•“‡§,FUKUSHIMAKEN,K-NET11A,,
FKS011,‚Ά‚ν‚«,IWAKI,37.0917,140.9031,162,NA,•“‡§,FUKUSHIMAKEN,K-NET11A,,
FKS012,–ά—,NAKOSO,36.9066,140.7928,3,NA,•“‡§,FUKUSHIMAKEN,K-NET11A,,
FKS013,Γ“a,FURUDONO,37.0893,140.5546,303,NA,•“‡§,FUKUSHIMAKEN,K-NET11A,,
FKS014,–ξΥ,YAMATSURI,36.8864,140.4166,163,NA,•“‡§,FUKUSHIMAKEN,K-NET11A,,
FKS015,’I‘q,TANAGURA,37.0237,140.3763,295,NA,•“‡§,FUKUSHIMAKEN,K-NET11A,,
FKS016,”’‰Ν,SHIRAKAWA,37.1232,140.1910,375,NA,•“‡§,FUKUSHIMAKEN,K-NET11A,,
FKS017,{‰κμ,SUKAGAWA,37.2844,140.3689,259,NA,•“‡§,FUKUSHIMAKEN,K-NET11A,,
FKS018,SR,KORIYAMA,37.3959,140.3619,245,NA,•“‡§,FUKUSHIMAKEN,K-NET11A,,
FKS019,“ρ–{Ό,NIHOMMATSU,37.6031,140.4381,224,NA,•“‡§,FUKUSHIMAKEN,K-NET11A,,
FKS020,’–•c‘γ,INAWASHIRO,37.5560,140.1226,527,NA,•“‡§,FUKUSHIMAKEN,K-NET11A,,
FKS021,μ‘½•ϋ,KITAKATA,37.6537,139.8607,209,NA,•“‡§,FUKUSHIMAKEN,K-NET11A,,
FKS022,Ό‰ο’Γ,NISHIAIZU,37.6005,139.6472,159,NA,•“‡§,FUKUSHIMAKEN,K-NET11A,,
FKS023,‰ο’ΓαΌ,AIZUWAKAMATSU,37.4775,139.9309,219,NA,•“‡§,FUKUSHIMAKEN,K-NET11A,,
FKS024,’†–μ,NAKANO,37.3963,140.1326,530,NA,•“‡§,FUKUSHIMAKEN,K-NET11A,,
FKS025,‰Ί‹½,SHIMOGO,37.3082,139.8994,439,NA,•“‡§,FUKUSHIMAKEN,K-NET11A,,
FKS026,“μ‹½,NANGO,37.2664,139.5368,494,NA,•“‡§,FUKUSHIMAKEN,K-NET11A,,
FKS027,‘κ΄,TAKINOHARA,37.0701,139.6807,771,NA,•“‡§,FUKUSHIMAKEN,K-NET11A,,
FKS028,‘ό©,TADAMI,37.3037,139.3619,416,NA,•“‡§,FUKUSHIMAKEN,K-NET11A,,
FKS029,•O}ς,HINOEMATA,37.0159,139.3806,957,NA,•“‡§,FUKUSHIMAKEN,K-NET11A,,
FKS030,‹ΰR,KANEYAMA,37.4548,139.5252,306,NA,•“‡§,FUKUSHIMAKEN,K-NET11A,,
FKS031,μ“ΰ,KAWAUCHI,37.3363,140.8087,415,NA,•“‡§,FUKUSHIMAKEN,K-NET11A,,
GIF001,”’μ,SHIRAKAWA,36.2743,136.8979,481,NA,ς•§,GIFUKEN,K-NET11A,,
GIF002,‰Ν‡,KAWAI,36.2734,137.0261,577,NA,ς•§,GIFUKEN,K-NET11A,,
GIF003,_‰,KAMIOKA,36.3326,137.3019,402,NA,ς•§,GIFUKEN,K-NET11A,,
GIF004,“Θ”φ,TOCHIO,36.2493,137.5175,811,NA,ς•§,GIFUKEN,K-NET11A,,
GIF005,‚R,TAKAYAMA,36.1537,137.2513,563,NA,ς•§,GIFUKEN,K-NET11A,,
GIF006,‘‘μ,SHOKAWA,36.0334,136.9533,799,NA,ς•§,GIFUKEN,K-NET11A,,
GIF007,‚,TAKANE,36.0378,137.4854,994,NA,ς•§,GIFUKEN,K-NET11A,,
GIF008,¬β,OSAKA,35.9517,137.2604,525,NA,ς•§,GIFUKEN,K-NET11A,,
GIF009,”’’Ή,SHIROTORI,35.9250,136.8318,436,NA,ς•§,GIFUKEN,K-NET11A,,
GIF010,‰ΊC,GERO,35.8005,137.2484,360,NA,ς•§,GIFUKEN,K-NET11A,,
GIF011,””¦,HACHIMAN,35.7596,136.9809,251,NA,ς•§,GIFUKEN,K-NET11A,,
GIF012,“™΄,HIGASHISUGIHARA,35.6364,136.4879,217,NA,ς•§,GIFUKEN,K-NET11A,,
GIF013,‹ΰR,KANAYAMA,35.6630,137.1618,231,NA,ς•§,GIFUKEN,K-NET11A,,
GIF014,•t’m,TSUKECHI,35.6582,137.4253,468,NA,ς•§,GIFUKEN,K-NET11A,,
GIF015,”ό”Z,MINO,35.5456,136.9076,80,NA,ς•§,GIFUKEN,K-NET11A,,
GIF016,µ@,HICHISO,35.5427,137.1195,137,NA,ς•§,GIFUKEN,K-NET11A,,
GIF017,—K”γμ,IBIGAWA,35.4830,136.5713,40,NA,ς•§,GIFUKEN,K-NET11A,,
GIF018,’†’Γμ,NAKATSUGAWA,35.4955,137.4998,300,NA,ς•§,GIFUKEN,K-NET11A,,
GIF019,b“ί,ENA,35.4492,137.4042,275,NA,ς•§,GIFUKEN,K-NET11A,,
GIF020,ς•,GIFU,35.4248,136.7568,14,NA,ς•§,GIFUKEN,K-NET11A,,
GIF021,”ό”Z‰Α–Ξ,MINOKAMO,35.4426,136.9996,72,NA,ς•§,GIFUKEN,K-NET11A,,
GIF022,γΞ’Γ,KAMIISHIZU,35.2836,136.4730,116,NA,ς•§,GIFUKEN,K-NET11A,,
GIF023,“yς,TOKI,35.3879,137.2166,288,NA,ς•§,GIFUKEN,K-NET11A,,
GIF024,–Ύ’q,AKECHI,35.3015,137.3869,435,NA,ς•§,GIFUKEN,K-NET11A,,
GIF025,”Βζ,ITADORI,35.7234,136.7847,351,NA,ς•§,GIFUKEN,---,‹x~,suspension
GIF026,”όR,MIYAMA,35.5909,136.7418,112,NA,ς•§,GIFUKEN,K-NET11A,,
GNM001,•Π•i,KATASHINA,36.7719,139.2246,804,NA,Q”n§,GUNMAKEN,K-NET11A,,
GNM002,…γ,MINAKAMI,36.7821,138.9695,494,NA,Q”n§,GUNMAKEN,K-NET11A,,
GNM003,ΐ“c,NUMATA,36.6581,139.0786,463,NA,Q”n§,GUNMAKEN,K-NET11A,,
GNM004,‘’Γ,KUSATSU,36.6171,138.5921,1222,NA,Q”n§,GUNMAKEN,K-NET11A,,
GNM005,’Ϊ—φ,TSUMAGOI,36.5134,138.5176,899,NA,Q”n§,GUNMAKEN,K-NET11A,,
GNM006,αΘ,AGATSUMA,36.5105,138.7527,549,NA,Q”n§,GUNMAKEN,K-NET11A,,
GNM007,aμ,SHIBUKAWA,36.4637,139.0093,184,NA,Q”n§,GUNMAKEN,K-NET11A,,
GNM008,‘O‹΄,MAEBASHI,36.3479,139.1368,77,NA,Q”n§,GUNMAKEN,K-NET11A,,
GNM009,‹Λ¶,KIRYU,36.4105,139.3253,114,NA,Q”n§,GUNMAKEN,K-NET11A,,
GNM010,Ω—Ρ,TATEBAYASHI,36.2184,139.4808,19,NA,Q”n§,GUNMAKEN,K-NET11A,,
GNM011,‘Ύ“c,OHTA,36.2913,139.3607,42,NA,Q”n§,GUNMAKEN,K-NET11A,,
GNM012,Ι¨θ,ISESAKI,36.3118,139.1955,59,NA,Q”n§,GUNMAKEN,K-NET11A,,
GNM013,‚θ,TAKASAKI,36.3181,139.0174,93,NA,Q”n§,GUNMAKEN,K-NET11A,,
GNM014,β–{,SAKAMOTO,36.3467,138.7211,451,NA,Q”n§,GUNMAKEN,K-NET11A,,
GNM015,‰Ίm“c,SHIMONITA,36.2286,138.7578,293,NA,Q”n§,GUNMAKEN,K-NET11A,,
GNM016,–κ,MAMBA,36.1164,138.9250,344,NA,Q”n§,GUNMAKEN,K-NET11A,,
HKD001,’t“ΰ,WAKKANAI,45.4163,141.6720,4,NA,–kC“Ή,HOKKAIDO,K-NET18,,
HKD002,@’J–¦,SOYAMISAKI,45.5132,141.9548,3,NA,–kC“Ή,HOKKAIDO,K-NET18,,
HKD003,–L•x,TOYOTOMI,45.1033,141.7665,10,NA,–kC“Ή,HOKKAIDO,K-NET18,,
HKD004,γ‰•¥,KAMISARUFUTSU,45.2149,142.2260,4,NA,–kC“Ή,HOKKAIDO,K-NET18,,
HKD005,‰•¥,SARUFUTSU,45.3329,142.1747,11,NA,–kC“Ή,HOKKAIDO,K-NET18,,
HKD006,•l“Ϊ•Κ,HAMATOMBETSU,45.1267,142.3516,14,NA,–kC“Ή,HOKKAIDO,K-NET18,,
HKD007,’†“Ϊ•Κ,NAKATOMBETSU,44.9702,142.2900,25,NA,–kC“Ή,HOKKAIDO,K-NET18,,
HKD008,}K,ESASHI,44.9375,142.5744,13.3,NA,–kC“Ή,HOKKAIDO,K-NET02,,
HKD009,‰Μ“o,UTANOBORI,44.8417,142.4811,23,NA,–kC“Ή,HOKKAIDO,K-NET18,,
HKD010,•——σ•z,FUREPPU,44.7406,142.7633,16,NA,–kC“Ή,HOKKAIDO,K-NET18,,
HKD011,“—K,HIGASHIRISHIRI,45.2460,141.2170,23,NA,–kC“Ή,HOKKAIDO,K-NET02,,
HKD012,‘D”‘,FUNADOMARI,45.4408,141.0367,11.5,NA,–kC“Ή,HOKKAIDO,K-NET02,,
HKD013,—η•¶,REBUN,45.3049,141.0475,42.4,NA,–kC“Ή,HOKKAIDO,K-NET02,,
HKD014,ΐμ,NUMAKAWA,45.2525,141.8531,30,NA,–kC“Ή,HOKKAIDO,K-NET02,,
HKD015,“V‰–,TESHIO,44.8846,141.7503,5,NA,–kC“Ή,HOKKAIDO,K-NET18,,
HKD016,‰“•Κ,EMBETSU,44.7199,141.7950,5,NA,–kC“Ή,HOKKAIDO,K-NET18,,
HKD017,‰R•Κ,SHOSAMBETSU,44.5323,141.7664,5.3,NA,–kC“Ή,HOKKAIDO,K-NET18,,
HKD018,³C,SEISHU,44.5453,141.9653,126,NA,–kC“Ή,HOKKAIDO,K-NET18,,
HKD019,‰H–y,HABORO,44.3611,141.6978,15,NA,–kC“Ή,HOKKAIDO,K-NET18,,
HKD020,`’¬,MINATOMACHI,44.1487,141.6647,48,NA,–kC“Ή,HOKKAIDO,K-NET18,,
HKD021,—―–G,RUMOI,43.9407,141.6370,24.8,NA,–kC“Ή,HOKKAIDO,K-NET02,,
HKD022,‘–Ρ,MASHIKE,43.8516,141.5279,42,NA,–kC“Ή,HOKKAIDO,K-NET18,,
HKD023,—Y“~,OFUYU,43.7734,141.3686,10,NA,–kC“Ή,HOKKAIDO,K-NET18,,
HKD024,’B•z,TAPPU,44.0494,141.8573,38,NA,–kC“Ή,HOKKAIDO,K-NET18,,
HKD025,’†μ,NAKAGAWA,44.8116,142.0712,20,NA,–kC“Ή,HOKKAIDO,K-NET18,,
HKD026,‰ΉΠq•{,OTOINEPPU,44.7283,142.2633,43,NA,–kC“Ή,HOKKAIDO,K-NET18,,
HKD027,”ό[,BIFUKA,44.4806,142.3428,75,NA,–kC“Ή,HOKKAIDO,K-NET18,,
HKD028,–Όρ,NAYORO,44.3598,142.4547,96,NA,–kC“Ή,HOKKAIDO,K-NET18,,
HKD029,‰Ίμ,SHIMOKAWA,44.3114,142.6421,158,NA,–kC“Ή,HOKKAIDO,K-NET18,,
HKD030,m•Κ,SHIBETSU,44.1821,142.3942,130.5,NA,–kC“Ή,HOKKAIDO,K-NET02,,
HKD031,’©“ϊ,ASAHI,44.1185,142.5952,214.1,NA,–kC“Ή,HOKKAIDO,K-NET02,,
HKD032,a¦,WASSAMU,44.0235,142.4123,136,NA,–kC“Ή,HOKKAIDO,K-NET18,,
HKD033,¤•Κ,AIBETSU,43.9090,142.5699,203,NA,–kC“Ή,HOKKAIDO,K-NET18,,
HKD034,γμ,KAMIKAWA,43.8543,142.7686,350,NA,–kC“Ή,HOKKAIDO,K-NET18,,
HKD035,‘w‰_‹¬,SOUNKYO,43.7704,142.9033,491,NA,–kC“Ή,HOKKAIDO,K-NET02,,
HKD036,®μ,ASAHIKAWA,43.7726,142.3648,108,NA,–kC“Ή,HOKKAIDO,K-NET02,,
HKD037,”ό‰l,BIEI,43.5889,142.4673,240,NA,–kC“Ή,HOKKAIDO,K-NET18,,
HKD038,“μ•x—Η–μ,MINAMIFURANO,43.1666,142.5662,353,NA,–kC“Ή,HOKKAIDO,K-NET18,,
HKD039,•x—Η–μ,FURANO,43.3421,142.3845,170,NA,–kC“Ή,HOKKAIDO,K-NET02,,
HKD040,θ¥,SHIMUKAPPU,42.9806,142.3994,334,NA,–kC“Ή,HOKKAIDO,K-NET18,,
HKD041,“Vl‹¬,TENNINKYO,43.6246,142.6839,440,NA,–kC“Ή,HOKKAIDO,K-NET18,,
HKD042,m‰F•z,NIUPU,44.5449,142.5692,271,NA,–kC“Ή,HOKKAIDO,K-NET18,,
HKD043,—Y•,OMU,44.5820,142.9644,11,NA,–kC“Ή,HOKKAIDO,K-NET18,,
HKD044,‹»•”,OKOPPE,44.4796,143.1276,3,NA,–kC“Ή,HOKKAIDO,K-NET18,,
HKD045,Ό‹»•”,NISHIOKOPPE,44.3288,142.9453,121,NA,–kC“Ή,HOKKAIDO,K-NET18,,
HKD046,‘κγ,TAKINOUE,44.1920,143.0767,132,NA,–kC“Ή,HOKKAIDO,K-NET18,,
HKD047,–δ•Κ,MOMBETSU,44.3677,143.3454,10,NA,–kC“Ή,HOKKAIDO,K-NET18,,
HKD048,—N•Κ,YUBETSU,44.2199,143.6155,4.2,NA,–kC“Ή,HOKKAIDO,K-NET18,,
HKD049,‰“y,ENGARU,44.0921,143.5336,58.9,NA,–kC“Ή,HOKKAIDO,K-NET02,,
HKD050,”’‘κ,SHIRATAKI,43.8785,143.1747,386,NA,–kC“Ή,HOKKAIDO,K-NET02,,
HKD051,²CΤ,SAROMA,44.0187,143.7747,33,NA,–kC“Ή,HOKKAIDO,K-NET18,,
HKD052,νC,TOKORO,44.1204,144.0712,6.8,NA,–kC“Ή,HOKKAIDO,K-NET02,,
HKD053,—―•ΣεA,RUBESHIBE,43.7849,143.6072,208,NA,–kC“Ή,HOKKAIDO,K-NET18,,
HKD054,–k©,KITAMI,43.7996,143.9008,62.8,NA,–kC“Ή,HOKKAIDO,K-NET18,,
HKD055,”ό–y,BIHORO,43.8244,144.1087,23,NA,–kC“Ή,HOKKAIDO,K-NET18,,
HKD056,’uΛ,OKETO,43.6705,143.5781,229,NA,–kC“Ή,HOKKAIDO,K-NET18,,
HKD057,’Γ•Κ,TSUBETSU,43.7054,144.0273,99,NA,–kC“Ή,HOKKAIDO,K-NET18,,
HKD058,–Τ‘–,ABASHIRI,44.0242,144.2637,4,NA,–kC“Ή,HOKKAIDO,K-NET02,,
HKD059,¬΄…,KOSHIMIZU,43.8574,144.4609,23,NA,–kC“Ή,HOKKAIDO,K-NET18,,
HKD060,Ξ—Ά,SHARI,43.9136,144.6657,6,NA,–kC“Ή,HOKKAIDO,K-NET02,,
HKD061,ƒEƒgƒ,UTORO,44.0699,144.9973,64.2,NA,–kC“Ή,HOKKAIDO,K-NET18,,
HKD062,•xm©,FUJIMI,43.6746,143.3088,500,NA,–kC“Ή,HOKKAIDO,K-NET02,,
HKD063,‘”‘,AIDOMARI,44.1060,145.2478,4.5,NA,–kC“Ή,HOKKAIDO,K-NET18,,
HKD064,—…‰P,RAUSU,44.0202,145.1886,16.6,NA,–kC“Ή,HOKKAIDO,K-NET18,,
HKD065,O•Κ,KUMBETSU,43.7938,145.0565,10,NA,–kC“Ή,HOKKAIDO,K-NET02,,
HKD066,•W’Γ,SHIBETSU,43.6619,145.1307,2.5,NA,–kC“Ή,HOKKAIDO,K-NET18,,
HKD067,’†•W’Γ,NAKASHIBETSU,43.5550,144.9726,30,NA,–kC“Ή,HOKKAIDO,K-NET18,,
HKD068,γΌt•Κ,KAMINISHISHUMBETSU,43.4108,144.7704,105,NA,–kC“Ή,HOKKAIDO,K-NET02,,
HKD069,•ΚC,BETSUKAI,43.3941,145.1168,24.9,NA,–kC“Ή,HOKKAIDO,K-NET02,,
HKD070,–{•ΚC,HOMBETSUKAI,43.3852,145.2840,6,NA,–kC“Ή,HOKKAIDO,K-NET18,,
HKD071,ϊ°,ATTOKO,43.2326,145.2604,38,NA,–kC“Ή,HOKKAIDO,K-NET18,,
HKD072,—Ξ,OCHIISHI,43.1948,145.5209,46,NA,–kC“Ή,HOKKAIDO,K-NET18,,
HKD073,Ί,NEMURO,43.3327,145.6003,36,NA,–kC“Ή,HOKKAIDO,K-NET02,,
HKD074,”[Ή•z,NOSAPPU,43.3680,145.8026,16.2,NA,–kC“Ή,HOKKAIDO,K-NET18,,
HKD075,•l’†,HAMANAKA,43.1309,145.0288,43,NA,–kC“Ή,HOKKAIDO,K-NET02,,
HKD076,ϊέ,AKKESHI,43.0509,144.8498,1.8,NA,–kC“Ή,HOKKAIDO,K-NET18,,
HKD077,‹ϊH,KUSHIRO,42.9845,144.3824,3,NA,–kC“Ή,HOKKAIDO,K-NET02,,
HKD078,“„H,TORO,43.1488,144.4976,25,NA,–kC“Ή,HOKKAIDO,K-NET18,,
HKD079,•W’ƒ,SHIBECHA,43.3034,144.5998,32,NA,–kC“Ή,HOKKAIDO,K-NET18,,
HKD080,’νq‹ό,TESHIKAGA,43.5077,144.4485,140,NA,–kC“Ή,HOKKAIDO,K-NET18,,
HKD081,μ“’,KAWAYU,43.6427,144.3901,130,NA,–kC“Ή,HOKKAIDO,K-NET18,,
HKD082,Ά¦Ξ”Θ,AKANKOHAN,43.4369,144.0855,429,NA,–kC“Ή,HOKKAIDO,K-NET18,,
HKD083,’ί‹,TSURUI,43.2329,144.3251,35,NA,–kC“Ή,HOKKAIDO,K-NET18,,
HKD084,Ά¦,AKAN,43.1141,144.1230,30,NA,–kC“Ή,HOKKAIDO,K-NET02,,
HKD085,”’f,SHIRANUKA,42.9581,144.0698,5,NA,–kC“Ή,HOKKAIDO,K-NET18,,
HKD086,’Ό•Κ,CHOKUBETSU,42.8542,143.8579,9.3,NA,–kC“Ή,HOKKAIDO,K-NET02,,
HKD087,“ρ,FUTAMATA,43.1502,143.8916,170,NA,–kC“Ή,HOKKAIDO,K-NET18,,
HKD088,—¤•Κ,RIKUBETSU,43.4704,143.7488,215,NA,–kC“Ή,HOKKAIDO,K-NET18,,
HKD089,‘«ρ,ASHORO,43.2436,143.5544,89.5,NA,–kC“Ή,HOKKAIDO,K-NET18,,
HKD090,–{•Κ,HOMBETSU,43.1213,143.6183,65,NA,–kC“Ή,HOKKAIDO,K-NET18,,
HKD091,‰Y–y,URAHORO,42.8088,143.6590,16,NA,–kC“Ή,HOKKAIDO,K-NET18,,
HKD092,’r“c,IKEDA,42.9283,143.4485,17,NA,–kC“Ή,HOKKAIDO,K-NET18,,
HKD093,f•½,NUKABIRA,43.3191,143.3049,364,NA,–kC“Ή,HOKKAIDO,K-NET02,,
HKD094,m–y,SHIHORO,43.1692,143.2410,204,NA,–kC“Ή,HOKKAIDO,K-NET18,,
HKD095,‘ΡL,OBIHIRO,42.9311,143.2137,34.8,NA,–kC“Ή,HOKKAIDO,K-NET18,,
HKD096,’†D“ΰ,NAKASATSUNAI,42.6977,143.1357,192,NA,–kC“Ή,HOKKAIDO,K-NET18,,
HKD097,¶‰Τ,SEIKA,42.6181,143.4210,33,NA,–kC“Ή,HOKKAIDO,K-NET18,,
HKD098,‘εχ,TAIKI,42.4985,143.2790,81,NA,–kC“Ή,HOKKAIDO,K-NET18,,
HKD099,V“Ύ,SHINTOKU,43.0736,142.8392,177,NA,–kC“Ή,HOKKAIDO,K-NET18,,
HKD100,L”φ,HIROO,42.2864,143.3120,36.1,NA,–kC“Ή,HOKKAIDO,K-NET18,,
HKD101,ƒgƒ€ƒ‰ƒEƒV,TOMURAUSHI,43.3338,142.9473,370,NA,–kC“Ή,HOKKAIDO,K-NET18,,
HKD102,“ϊ‚,HIDAKA,42.8778,142.4481,283,NA,–kC“Ή,HOKKAIDO,K-NET18,,
HKD103,–y–Ρu,HOROKESHI,42.7275,142.2973,86,NA,–kC“Ή,HOKKAIDO,K-NET02,,
HKD104,•½ζ,BIRATORI,42.5886,142.1310,70.4,NA,–kC“Ή,HOKKAIDO,K-NET18,,
HKD105,–ε•Κ,MOMBETSU,42.4826,142.0538,7,NA,–kC“Ή,HOKKAIDO,K-NET18,,
HKD106,Γ“ΰ,SHIZUNAI,42.3414,142.3688,4.5,NA,–kC“Ή,HOKKAIDO,K-NET18,,
HKD107,”_‰®,NOYA,42.4194,142.4992,45,NA,–kC“Ή,HOKKAIDO,K-NET02,,
HKD108,OΞ,MITSUISHI,42.2528,142.5643,42,NA,–kC“Ή,HOKKAIDO,K-NET02,,
HKD109,‰Y‰Ν,URAKAWA,42.1678,142.7673,3.9,NA,–kC“Ή,HOKKAIDO,K-NET18,,
HKD110,—l—,SAMANI,42.1310,142.9354,4,NA,–kC“Ή,HOKKAIDO,K-NET18,,
HKD111,‚¦‚θ‚ΰ,ERIMO,42.0170,143.1487,22,NA,–kC“Ή,HOKKAIDO,K-NET18,,
HKD112,‚¦‚θ‚ΰ–¦,ERIMOMISAKI,41.9370,143.2403,15,NA,–kC“Ή,HOKKAIDO,K-NET18,,
HKD113,–Ϊ•,MEGURO,42.1287,143.3153,15,NA,–kC“Ή,HOKKAIDO,K-NET02,,
HKD114,ι‹f“ΰ,SHUMARINAI,44.2829,142.1619,255,NA,–kC“Ή,HOKKAIDO,K-NET18,,
HKD115,–y‰Α“ΰ,HOROKANAI,44.0070,142.1485,157,NA,–kC“Ή,HOKKAIDO,K-NET18,,
HKD116,ΐ“c,NUMATA,43.8005,141.9343,48,NA,–kC“Ή,HOKKAIDO,K-NET18,,
HKD117,[μ,FUKAGAWA,43.7241,142.0527,51,NA,–kC“Ή,HOKKAIDO,K-NET18,,
HKD118,‘κμ,TAKIKAWA,43.5524,141.9175,29,NA,–kC“Ή,HOKKAIDO,K-NET18,,
HKD119,°•Κ,ASHIBETSU,43.5199,142.1914,90,NA,–kC“Ή,HOKKAIDO,K-NET18,,
HKD120,`,TSUKIGATA,43.3442,141.6633,36,NA,–kC“Ή,HOKKAIDO,K-NET18,,
HKD121,”ό‰S,BIBAI,43.3332,141.8553,28,NA,–kC“Ή,HOKKAIDO,K-NET18,,
HKD122,β©‘ς,IWAMIZAWA,43.1974,141.7754,26,NA,–kC“Ή,HOKKAIDO,K-NET18,,
HKD123,—[’£,YUBARI,42.9933,142.0085,194,NA,–kC“Ή,HOKKAIDO,K-NET18,,
HKD124,—Rm,YUNI,42.9986,141.7903,38,NA,–kC“Ή,HOKKAIDO,K-NET18,,
HKD125,•δ•Κ,HOBETSU,42.7609,142.1344,69,NA,–kC“Ή,HOKKAIDO,K-NET18,,
HKD126,–·μ,MUKAWA,42.5748,141.9284,7,NA,–kC“Ή,HOKKAIDO,K-NET18,,
HKD127,’Η•,OIWAKE,42.8743,141.8204,61,NA,–kC“Ή,HOKKAIDO,K-NET18,,
HKD128,‘—,HAYAKITA,42.7656,141.8219,31,NA,–kC“Ή,HOKKAIDO,K-NET18,,
HKD129,“Ο¬–q,TOMAKOMAI,42.6347,141.6057,6,NA,–kC“Ή,HOKKAIDO,K-NET18,,
HKD130,”’V,SHIRAOI,42.5626,141.3502,17,NA,–kC“Ή,HOKKAIDO,K-NET18,,
HKD131,“o•Κ,NOBORIBETSU,42.4206,141.0809,13,NA,–kC“Ή,HOKKAIDO,K-NET18,,
HKD132,Ί—–,MURORAN,42.3484,141.0318,3,NA,–kC“Ή,HOKKAIDO,K-NET18,,
HKD133,Ι’B,DATE,42.4727,140.8657,11,NA,–kC“Ή,HOKKAIDO,K-NET18,,
HKD134,‘ε‘κ,OHTAKI,42.6713,141.0790,392,NA,–kC“Ή,HOKKAIDO,K-NET18,,
HKD135,‘s•Λ,SOBETSU,42.5533,140.8864,63,NA,–kC“Ή,HOKKAIDO,K-NET18,,
HKD136,–L‰Y,TOYOURA,42.5901,140.6441,4,NA,–kC“Ή,HOKKAIDO,K-NET18,,
HKD137,—]•Κ,YOBETSU,43.3236,140.3791,15,NA,–kC“Ή,HOKKAIDO,K-NET18,,
HKD138,Ο’O,SHAKOTAN,43.2923,140.6013,16,NA,–kC“Ή,HOKKAIDO,K-NET18,,
HKD139,—]s,YOICHI,43.1975,140.7819,32,NA,–kC“Ή,HOKKAIDO,K-NET18,,
HKD140,¬’M,OTARU,43.1908,140.9933,51,NA,–kC“Ή,HOKKAIDO,K-NET18,,
HKD141,_b“ΰ,KAMOENAI,43.1449,140.4355,9,NA,–kC“Ή,HOKKAIDO,K-NET18,,
HKD142,Τδμ,AKAIGAWA,43.0841,140.8202,143,NA,–kC“Ή,HOKKAIDO,K-NET18,,
HKD143,β“ΰ,IWANAI,42.9793,140.5093,5,NA,–kC“Ή,HOKKAIDO,K-NET18,,
HKD144,‹δ’mΐ,KUCCHAN,42.9059,140.7670,180,NA,–kC“Ή,HOKKAIDO,K-NET18,,
HKD145,μ–Ξ•Κ,KIMOBETSU,42.7978,140.9361,259,NA,–kC“Ή,HOKKAIDO,K-NET18,,
HKD146,ƒjƒZƒR,NISEKO,42.8076,140.6878,147,NA,–kC“Ή,HOKKAIDO,K-NET18,,
HKD147,—–‰z,RANKOSHI,42.8056,140.5305,33,NA,–kC“Ή,HOKKAIDO,K-NET18,,
HKD148,•Ό“ΰ,KUROMATSUNAI,42.6680,140.3050,25,NA,–kC“Ή,HOKKAIDO,K-NET18,,
HKD149,υ“s,SUTTSU,42.7905,140.2305,24,NA,–kC“Ή,HOKKAIDO,K-NET18,,
HKD150,“‡–q,SHIMAMAKI,42.7010,140.0619,6,NA,–kC“Ή,HOKKAIDO,K-NET18,,
HKD151,’·–•”,OSHAMAMBE,42.4948,140.3539,10,NA,–kC“Ή,HOKKAIDO,K-NET18,,
HKD152,”‰_,YAKUMO,42.2586,140.2638,5,NA,–kC“Ή,HOKKAIDO,K-NET18,,
HKD153,γ‚Μ“’,KAMINOYU,42.1245,140.3755,69,NA,–kC“Ή,HOKKAIDO,K-NET18,,
HKD154,X,MORI,42.0965,140.5636,83,NA,–kC“Ή,HOKKAIDO,K-NET18,,
HKD155,­•”,SHIKABE,42.0438,140.8064,4,NA,–kC“Ή,HOKKAIDO,K-NET18,,
HKD156,µ”Ρ,NANAE,41.8996,140.6960,84,NA,–kC“Ή,HOKKAIDO,K-NET18,,
HKD157,“μ•”,MINAMIKAYABE,41.9053,140.9698,37,NA,–kC“Ή,HOKKAIDO,K-NET18,,
HKD158,“Μ–@‰Ψ,TODOHOKKE,41.8349,141.1408,7,NA,–kC“Ή,HOKKAIDO,K-NET18,,
HKD159,Λδ,TOI,41.7160,141.0046,23,NA,–kC“Ή,HOKKAIDO,K-NET18,,
HKD160,”Ω,HAKODATE,41.7700,140.7383,4,NA,–kC“Ή,HOKKAIDOH,K-NET18,,
HKD161,–ΨΓ“ΰ,KIKONAI,41.6800,140.4329,4,NA,–kC“Ή,HOKKAIDOH,K-NET18,,
HKD162,•“‡,FUKUSHIMA,41.4859,140.2469,17,NA,–kC“Ή,HOKKAIDOH,K-NET18,,
HKD163,Ό‘O,MATSUMAE,41.4338,140.1117,13,NA,–kC“Ή,HOKKAIDOH,K-NET18,,
HKD164,£’I,SETANA,42.4502,139.8533,11,NA,–kC“Ή,HOKKAIDO,K-NET18,,
HKD165,΅‹ΰ,IMAKANE,42.4287,140.0178,19,NA,–kC“Ή,HOKKAIDO,K-NET18,,
HKD166,‘ε¬,TAISEI,42.2286,139.8186,45,NA,–kC“Ή,HOKKAIDO,K-NET18,,
HKD167,FΞ,KUMAISHI,42.1297,139.9813,21,NA,–kC“Ή,HOKKAIDO,K-NET18,,
HKD168,]·,ESASHI,41.8691,140.1266,2,NA,–kC“Ή,HOKKAIDO,K-NET18,,
HKD169,–ΨΤ“ΰ,KIMANAI,41.9351,140.3678,111,NA,–kC“Ή,HOKKAIDO,K-NET18,,
HKD170,“’ƒm‘Π,YUNOTAI,41.7495,140.2510,83,NA,–kC“Ή,HOKKAIDO,K-NET18,,
HKD171,¬»q,CHIISAGO,41.6490,139.9979,31,NA,–kC“Ή,HOKKAIDO,K-NET18,,
HKD172,ξ•δ,INAHO,42.2402,139.5519,6,NA,–kC“Ή,HOKKAIDO,K-NET18,,
HKD173,Β•c,AONAE,42.0662,139.4515,11,NA,–kC“Ή,HOKKAIDO,K-NET18,,
HKD174,–k“‡‰Μ,KITASHIMAUTA,42.5950,139.8286,10,NA,–kC“Ή,HOKKAIDO,K-NET18,,
HKD175,•l‰v,HAMAMASU,43.6015,141.3882,28.5,NA,–kC“Ή,HOKKAIDO,K-NET18,,
HKD176,l”Τμ,YOMBANGAWA,43.5324,141.5924,156,NA,–kC“Ή,HOKKAIDO,K-NET18,,
HKD177,ϊ“c,ATSUTA,43.4001,141.4346,6.1,NA,–kC“Ή,HOKKAIDO,K-NET18,,
HKD178,Ξλ,ISHIKARI,43.1720,141.3043,6,NA,–kC“Ή,HOKKAIDO,K-NET18,,
HKD179,“–•Κ,TOBETSU,43.2236,141.5175,15,NA,–kC“Ή,HOKKAIDO,K-NET18,,
HKD180,D–y,SAPPORO,43.1391,141.3513,3,NA,–kC“Ή,HOKKAIDO,K-NET18,,
HKD181,]•Κ,EBETSU,43.1161,141.5462,8,NA,–kC“Ή,HOKKAIDO,K-NET18,,
HKD182,L“‡,HIROSHIMA,42.9721,141.5161,56,NA,–kC“Ή,HOKKAIDO,K-NET18,,
HKD183,’θRk,JOZANKEI,42.9714,141.1779,268,NA,–kC“Ή,HOKKAIDO,K-NET18,,
HKD184,ηΞ,CHITOSE,42.7898,141.6008,69,NA,–kC“Ή,HOKKAIDO,K-NET18,,
HKD185,xβ”Ξ”Θ,SHIKOTSUKOHAN,42.7756,141.4016,266,NA,–kC“Ή,HOKKAIDO,K-NET18,,
HRS001,‚–μ,TAKANO,35.0339,132.9018,556,NA,L“‡§,HIROSHIMAKEN,K-NET11A,,
HRS002,“ι,TOJO,34.8951,133.2753,306,NA,L“‡§,HIROSHIMAKEN,K-NET11A,,
HRS003,O,MIYOSHI,34.8138,132.8427,156,NA,L“‡§,HIROSHIMAKEN,K-NET11A,,
HRS004,|–k,GEIHOKU,34.7263,132.2773,583,NA,L“‡§,HIROSHIMAKEN,K-NET11A,,
HRS005,–ϋ–Ψ,YUKI,34.7774,133.2803,485,NA,L“‡§,HIROSHIMAKEN,K-NET11A,,
HRS006,–L•½,TOYOHIRA,34.6666,132.4080,367,NA,L“‡§,HIROSHIMAKEN,K-NET11A,,
HRS007,b“z,KONU,34.7029,133.0886,387,NA,L“‡§,HIROSHIMAKEN,K-NET11A,,
HRS008,ό΄,MUKAIHARA,34.6029,132.7201,207,NA,L“‡§,HIROSHIMAKEN,K-NET11A,,
HRS009,“’—,YUKI,34.4927,132.2802,218,NA,L“‡§,HIROSHIMAKEN,K-NET11A,,
HRS010,Ά—…,SERA,34.5834,133.0515,338,NA,L“‡§,HIROSHIMAKEN,K-NET11A,,
HRS011,•{’†,FUCHU,34.5686,133.2364,28,NA,L“‡§,HIROSHIMAKEN,K-NET11A,,
HRS012,“L“‡,HIGASHIHIROSHIMA,34.4274,132.7422,214,NA,L“‡§,HIROSHIMAKEN,K-NET11A,,
HRS013,L“‡,HIROSHIMA,34.3768,132.4502,3,NA,L“‡§,HIROSHIMAKEN,K-NET11A,,
HRS014,‘ε–μ,OHNO,34.2864,132.2765,3,NA,L“‡§,HIROSHIMAKEN,K-NET11A,,
HRS015,•R,FUKUYAMA,34.4852,133.3619,2,NA,L“‡§,HIROSHIMAKEN,K-NET11A,,
HRS016,”φ“Ή,ONOMICHI,34.4201,133.1979,39,NA,L“‡§,HIROSHIMAKEN,K-NET11A,,
HRS017,O΄,MIHARA,34.4037,133.0838,16,NA,L“‡§,HIROSHIMAKEN,K-NET11A,,
HRS018,’|΄,TAKEHARA,34.3413,132.9069,3,NA,L“‡§,HIROSHIMAKEN,K-NET11A,,
HRS019,ΰ,KURE,34.2530,132.5617,4,NA,L“‡§,HIROSHIMAKEN,K-NET11A,,
HRS020,φ“‡,INNOSHIMA,34.2936,133.1776,17,NA,L“‡§,HIROSHIMAKEN,K-NET11A,,
HRS021,Όι,SAIJO,34.9413,133.1185,325,NA,L“‡§,HIROSHIMAKEN,K-NET11A,,
HYG001,•lβ,HAMASAKA,35.6197,134.4506,7,NA,•ΊΙ§,HYOGOKEN,K-NET11A,,
HYG002,Z,KASUMI,35.6394,134.6280,6,NA,•ΊΙ§,HYOGOKEN,K-NET11A,,
HYG003,oΞ,IZUSHI,35.4613,134.8758,16,NA,•ΊΙ§,HYOGOKEN,K-NET11A,,
HYG004,‘Ί‰,MURAOKA,35.4583,134.5782,316,NA,•ΊΙ§,HYOGOKEN,K-NET11A,,
HYG005,a“cR,WADAYAMA,35.3408,134.8616,74,NA,•ΊΙ§,HYOGOKEN,K-NET11A,,
HYG006,‘ε‰®,OHYA,35.3329,134.6649,149,NA,•ΊΙ§,HYOGOKEN,K-NET11A,,
HYG007,”g‰κ,HAGA,35.1638,134.5458,259,NA,•ΊΙ§,HYOGOKEN,K-NET11A,,
HYG008,¶–μ,IKUNO,35.1487,134.7880,300,NA,•ΊΙ§,HYOGOKEN,K-NET11A,,
HYG009,•δ,KUROI,35.1699,135.1025,85,NA,•ΊΙ§,HYOGOKEN,K-NET11A,,
HYG010,’O“μ,TANNAN,35.0592,135.1776,198,NA,•ΊΙ§,HYOGOKEN,K-NET11A,,
HYG011,γ,KOZUKI,34.9850,134.3226,82,NA,•ΊΙ§,HYOGOKEN,K-NET11A,,
HYG012,Rθ,YAMASAKI,34.9958,134.5523,90,NA,•ΊΙ§,HYOGOKEN,K-NET11A,,
HYG013,sμ,ICHIKAWA,34.9895,134.7636,85,NA,•ΊΙ§,HYOGOKEN,K-NET11A,,
HYG014,Όe,NISHIWAKI,35.0019,134.9994,78,NA,•ΊΙ§,HYOGOKEN,K-NET11A,,
HYG015,O“c,SANDA,34.9499,135.2714,193,NA,•ΊΙ§,HYOGOKEN,K-NET11A,,
HYG016,Τ•δ,AKO,34.7553,134.3900,2,NA,•ΊΙ§,HYOGOKEN,K-NET11A,,
HYG017,—΄–μ,TATSUNO,34.8591,134.5446,22,NA,•ΊΙ§,HYOGOKEN,K-NET11A,,
HYG018,•PH,HIMEJI,34.8145,134.6871,8,NA,•ΊΙ§,HYOGOKEN,K-NET11A,,
HYG019,‰ΑΓμ,KAKOGAWA,34.8321,134.8234,46,NA,•ΊΙ§,HYOGOKEN,K-NET11A,,
HYG020,O–Ψ,MIKI,34.7974,134.9889,69,NA,•ΊΙ§,HYOGOKEN,K-NET11A,,
HYG021,_Λ,KOBE,34.6904,135.1591,92,NA,•ΊΙ§,HYOGOKEN,K-NET11A,,
HYG022,Ό‹{,NISHINOMIYA,34.7463,135.3501,8,NA,•ΊΙ§,HYOGOKEN,K-NET11A,,
HYG023,–ΎΞ,AKASHI,34.7012,134.8803,9,NA,•ΊΙ§,HYOGOKEN,K-NET11A,,
HYG024,“‰Y,HIGASHIURA,34.5330,134.9904,6,NA,•ΊΙ§,HYOGOKEN,K-NET11A,,
HYG025,F–{,SUMOTO,34.3389,134.9011,11,NA,•ΊΙ§,HYOGOKEN,K-NET11A,,
HYG026,άF,GOSHIKI,34.4147,134.7914,41,NA,•ΊΙ§,HYOGOKEN,K-NET11A,,
HYG027,“μ’W,NANDAN,34.2496,134.7292,111,NA,•ΊΙ§,HYOGOKEN,K-NET11A,,
IBR001,‘εq,DAIGO,36.7763,140.3582,106,NA,οι§,IBARAKIKEN,K-NET11A,,
IBR002,‚”‹,TAKAHAGI,36.7126,140.7073,9,NA,οι§,IBARAKIKEN,K-NET11A,,
IBR003,“ϊ—§,HITACHI,36.5914,140.6453,58,NA,οι§,IBARAKIKEN,K-NET11A,,
IBR004,‘ε‹{,OHMIYA,36.5516,140.4102,57,NA,οι§,IBARAKIKEN,K-NET11A,,
IBR005,}Τ,KASAMA,36.3851,140.2373,0,NA,οι§,IBARAKIKEN,K-NET11A,,
IBR006,…Λ,MITO,36.3665,140.4543,30,NA,οι§,IBARAKIKEN,K-NET11A,,
IBR007,“ί‰Ο–©,NAKAMINATO,36.3526,140.5954,24,NA,οι§,IBARAKIKEN,K-NET11A,,
IBR008,‰ΊΩ,SHIMODATE,36.3061,139.9826,31,NA,οι§,IBARAKIKEN,K-NET11A,,
IBR009,Γ‰Ν,KOGA,36.1850,139.7037,17,NA,οι§,IBARAKIKEN,K-NET11A,,
IBR010,‰ΊΘ,SHIMOTSUMA,36.1844,139.9652,22,NA,οι§,IBARAKIKEN,K-NET11A,,
IBR011,‚Β‚­‚Ξ,TSUKUBA,36.1256,140.0901,27,NA,οι§,IBARAKIKEN,K-NET11A,,
IBR012,Ξ‰,ISHIOKA,36.1954,140.2713,25,NA,οι§,IBARAKIKEN,K-NET11A,,
IBR013,–g“c,HOKOTA,36.1587,140.4892,29,NA,οι§,IBARAKIKEN,K-NET11A,,
IBR014,“y‰Y,TSUCHIURA,36.0729,140.1948,18,NA,οι§,IBARAKIKEN,K-NET11A,,
IBR015,βδ,IWAI,36.0698,139.9082,13,NA,οι§,IBARAKIKEN,K-NET11A,,
IBR016,ζθ,TORIDE,35.9114,140.0494,20,NA,οι§,IBARAKIKEN,K-NET11A,,
IBR017,]Λθ,EDOSAKI,35.9538,140.3196,14,NA,οι§,IBARAKIKEN,K-NET11A,,
IBR018,­“,KASHIMA,35.9766,140.6306,39,NA,οι§,IBARAKIKEN,K-NET11A,,
IBR019,–kοι,KITAIBARAKI,36.8808,140.6544,NA,NA,οι§,IBARAKIKEN,---,‹x~,suspension
ISK001,‘ε’J,OHTANI,37.5000,137.1767,6,NA,Ξμ§,ISHIKAWAKEN,K-NET11A,,
ISK002,³‰@,SHOIN,37.4473,137.2877,4,NA,Ξμ§,ISHIKAWAKEN,K-NET11A,,
ISK003,—Φ“‡,WAJIMA,37.3924,136.9078,12,NA,Ξμ§,ISHIKAWAKEN,K-NET11A,,
ISK004,”\“s,NOTO,37.3080,137.1471,9,NA,Ξμ§,ISHIKAWAKEN,K-NET18,,
ISK005,…,ANAMIZU,37.2309,136.9041,3,NA,Ξμ§,ISHIKAWAKEN,K-NET11A,,
ISK006,•x—,TOGI,37.1603,136.6896,75,NA,Ξμ§,ISHIKAWAKEN,K-NET11A,,
ISK007,µ”φ,NANAO,37.0426,136.9680,2,NA,Ξμ§,ISHIKAWAKEN,K-NET11A,,
ISK008,‰Hξ,HAKUI,36.8938,136.7783,14,NA,Ξμ§,ISHIKAWAKEN,K-NET11A,,
ISK009,µ’Λ,NANATSUKA,36.7334,136.7025,38,NA,Ξμ§,ISHIKAWAKEN,K-NET11A,,
ISK010,‹ΰ‘ς,KANAZAWA,36.5421,136.6435,29,NA,Ξμ§,ISHIKAWAKEN,K-NET11A,,
ISK011,¬Ό,KOMATSU,36.3976,136.4409,3,NA,Ξμ§,ISHIKAWAKEN,K-NET11A,,
ISK012,’Ή‰z,TORIGOE,36.3579,136.6049,187,NA,Ξμ§,ISHIKAWAKEN,K-NET11A,,
ISK013,”’•τ,SHIRAMINE,36.1804,136.6246,476,NA,Ξμ§,ISHIKAWAKEN,K-NET11A,,
ISK014,‰Α‰κ,KAGA,36.3031,136.3154,4,NA,Ξμ§,ISHIKAWAKEN,K-NET11A,,
ISK015,‘ε’¬,OHMACHI,37.2265,136.9087,3,NA,Ξμ§,ISHIKAWAKEN,K-NET11C,,
IWT001,νs,TANEICHI,40.4101,141.7193,14,NA,βθ§,IWATEKEN,K-NET11A,,
IWT002,‹v,KUJI,40.1820,141.7643,28,NA,βθ§,IWATEKEN,K-NET11,,
IWT003,•‘γ,FUDAI,40.0083,141.8885,7,NA,βθ§,IWATEKEN,K-NET11,,
IWT004,“cV,TARO,39.7356,141.9671,9,NA,βθ§,IWATEKEN,K-NET11,,
IWT005,‹{Γ,MIYAKO,39.6478,141.9465,6,NA,βθ§,IWATEKEN,K-NET11,,
IWT006,R“c,YAMADA,39.4850,141.9748,17,NA,βθ§,IWATEKEN,K-NET11,,
IWT007,Ξ,KAMAISHI,39.2699,141.8567,9,NA,βθ§,IWATEKEN,K-NET11,,
IWT008,‘ε‘D“n,OHFUNATO,39.0815,141.7093,24,NA,βθ§,IWATEKEN,K-NET11,,
IWT009,‘ε“,DAITO,39.0190,141.4053,148,NA,βθ§,IWATEKEN,K-NET11,,
IWT010,κΦ,ICHINOSEKI,38.9346,141.1264,31,NA,βθ§,IWATEKEN,K-NET11,,
IWT011,…‘ς,MIZUSAWA,39.1453,141.1527,43,NA,βθ§,IWATEKEN,K-NET11,,
IWT012,–kγ,KITAKAMI,39.3206,141.1388,62,NA,βθ§,IWATEKEN,K-NET11A,,
IWT013,‰“–μ,TONO,39.3290,141.5638,298,NA,βθ§,IWATEKEN,K-NET11,,
IWT014,Ξ’Ή’J,ISHIDORIYA,39.4846,141.1466,86,NA,βθ§,IWATEKEN,K-NET11,,
IWT015,μK,KAWAJIRI,39.3183,140.7794,247,NA,βθ§,IWATEKEN,K-NET11,,
IWT016,μδ,KAWAI,39.6000,141.6790,198,NA,βθ§,IWATEKEN,K-NET11,,
IWT017,–ε”n,KADOMA,39.6339,141.4379,617,NA,βθ§,IWATEKEN,K-NET11,,
IWT018,·‰,MORIOKA,39.6954,141.1477,120,NA,βθ§,IWATEKEN,K-NET11A,,
IWT019,βς,IWAIZUMI,39.8030,141.6584,294,NA,βθ§,IWATEKEN,K-NET11,,
IWT020,εMμ,YABUKAWA,39.7844,141.3296,695,NA,βθ§,IWATEKEN,K-NET11,,
IWT021,Ό,NISHINE,39.9203,141.0822,283,NA,βθ§,IWATEKEN,K-NET11,,
IWT022,ΐ‘γ,ASHIRO,40.1009,141.0528,296,NA,βθ§,IWATEKEN,K-NET11,,
IWT023,‹,KUZUMAKI,40.0370,141.4501,402,NA,βθ§,IWATEKEN,K-NET11,,
IWT024,“ρΛ,NINOHE,40.2612,141.2908,94,NA,βθ§,IWATEKEN,K-NET11,,
IWT025,‘εu“c,OHSHIDA,39.5169,140.8299,367,NA,βθ§,IWATEKEN,K-NET11,,
IWT026,‘‹,AISARI,39.2569,141.0983,76,NA,βθ§,IWATEKEN,K-NET11,,
KGS001,“,AZUMA,32.1947,130.1763,77,NA,­™“‡§,KAGOSHIMAKEN,K-NET02,,
KGS002,o…,IZUMI,32.0916,130.3519,12,NA,­™“‡§,KAGOSHIMAKEN,K-NET18,,
KGS003,‘εϋ,OHKUCHI,32.0559,130.5874,176,NA,­™“‡§,KAGOSHIMAKEN,K-NET02,,
KGS004,Ά‹v,AKUNE,32.0145,130.1927,2.7,NA,­™“‡§,KAGOSHIMAKEN,K-NET18,,
KGS005,‹{”Vι,MIYANOJO,31.9006,130.4513,42.5,NA,­™“‡§,KAGOSHIMAKEN,K-NET02,,
KGS006,‰΅μ,YOKOGAWA,31.9060,130.7021,187.5,NA,­™“‡§,KAGOSHIMAKEN,K-NET18,,
KGS007,μ“ΰ,SENDAI,31.8143,130.3032,3.8,NA,­™“‡§,KAGOSHIMAKEN,K-NET02,,
KGS008,—¶,KAMO,31.7638,130.5659,11,NA,­™“‡§,KAGOSHIMAKEN,K-NET18,,
KGS009,‘•,KOKUBU,31.7368,130.7613,4,NA,­™“‡§,KAGOSHIMAKEN,K-NET02,,
KGS010,‹ψ–Ψ–μ,KUSHIKINO,31.7123,130.2735,15.9,NA,­™“‡§,KAGOSHIMAKEN,K-NET18,,
KGS011,“ϊ‹g,HIYOSHI,31.5896,130.3490,18,NA,­™“‡§,KAGOSHIMAKEN,K-NET02,,
KGS012,­™“‡,KAGOSHIMA,31.6057,130.5740,3.8,NA,­™“‡§,KAGOSHIMAKEN,K-NET18,,
KGS013,‘ε‹χ,OHSUMI,31.5973,130.9938,117.7,NA,­™“‡§,KAGOSHIMAKEN,K-NET02,,
KGS014,‚…,TARUMIZU,31.4963,130.6994,4,NA,­™“‡§,KAGOSHIMAKEN,K-NET18,,
KGS015,‘εθ,OHSAKI,31.4308,131.0109,34,NA,­™“‡§,KAGOSHIMAKEN,K-NET18,,
KGS016,‰ΑΆ“c,KASEDA,31.4162,130.3225,10.8,NA,­™“‡§,KAGOSHIMAKEN,K-NET18,,
KGS017,­‰®,KANOYA,31.3954,130.8702,64.4,NA,­™“‡§,KAGOSHIMAKEN,K-NET02,,
KGS018,μ“ό,KIIRE,31.3757,130.5449,51.4,NA,­™“‡§,KAGOSHIMAKEN,K-NET02,,
KGS019,–θ,MAKURAZAKI,31.2776,130.3008,10,NA,­™“‡§,KAGOSHIMAKEN,K-NET02,,
KGS020,‰o΅,EI,31.2396,130.4915,21.4,NA,­™“‡§,KAGOSHIMAKEN,K-NET18,,
KGS021,wh,IBUSUKI,31.2535,130.6324,7.9,NA,­™“‡§,KAGOSHIMAKEN,K-NET02,,
KGS022,“ΰ”V‰Y,UCHINOURA,31.2804,131.0504,12,NA,­™“‡§,KAGOSHIMAKEN,K-NET18,,
KGS023,“c‘γ,TASHIRO,31.1990,130.8490,178.9,NA,­™“‡§,KAGOSHIMAKEN,K-NET02,,
KGS024,²‘½,SATA,31.0888,130.6982,74.6,NA,­™“‡§,KAGOSHIMAKEN,K-NET18,,
KGS025,Ό”V•\,NISHINOOMOTE,30.7319,130.9977,15,NA,­™“‡§,KAGOSHIMAKEN,K-NET02,,
KGS026,’†νq,NAKATANE,30.5199,130.9553,114,NA,­™“‡§,KAGOSHIMAKEN,K-NET18,,
KGS027,–ε‘qθ,KADOKURAZAKI,30.3488,130.8829,15,NA,­™“‡§,KAGOSHIMAKEN,K-NET02,,
KGS028,γ‰®‹v,KAMIYAKU,30.4204,130.5771,40.8,NA,­™“‡§,KAGOSHIMAKEN,K-NET02,,
KGS029,‰®‹v,YAKU,30.2363,130.5553,60,NA,­™“‡§,KAGOSHIMAKEN,K-NET02,,
KGS030,}—,KASARI,28.4510,129.6784,3.5,NA,­™“‡§,KAGOSHIMAKEN,K-NET02,,
KGS031,‘εa,YAMATO,28.3553,129.3924,12,NA,­™“‡§,KAGOSHIMAKEN,K-NET18,,
KGS032,£Λ“ΰ,SETOUCHI,28.1388,129.3206,1.5,NA,­™“‡§,KAGOSHIMAKEN,K-NET02,,
KGS033,Ιε,ISEN,27.6883,128.9421,136,NA,­™“‡§,KAGOSHIMAKEN,K-NET18,,
KGS034,’m–Ό,CHINA,27.3340,128.5743,24,NA,­™“‡§,KAGOSHIMAKEN,K-NET02,,
KGS035,—^_,YORON,27.0522,128.4241,44,NA,­™“‡§,KAGOSHIMAKEN,K-NET02,,
KGS036,γ™,KAMIKOSHIKI,31.8360,129.8678,6,NA,­™“‡§,KAGOSHIMAKEN,K-NET02,,
KGS037,‰Ί™,SHIMOKOSHIKI,31.6390,129.7078,13.3,NA,­™“‡§,KAGOSHIMAKEN,K-NET02,,
KGW001,“y―,TONOSHO,34.5452,134.2804,3,NA,μ§,KAGAWAKEN,K-NET11A,,
KGW002,“ΰC,UCHINOUMI,34.4724,134.3142,2,NA,μ§,KAGAWAKEN,K-NET11A,,
KGW003,Ϋ‹T,MARUGAME,34.2644,133.7896,13,NA,μ§,KAGAWAKEN,K-NET11A,,
KGW004,‚Ό,TAKAMATSU,34.3473,134.0375,2,NA,μ§,KAGAWAKEN,K-NET11A,,
KGW005,Ο‰Ή›,KANONJI,34.1139,133.6353,1,NA,μ§,KAGAWAKEN,K-NET11A,,
KGW006,’·”φ,NAGAO,34.2499,134.1856,71,NA,μ§,KAGAWAKEN,K-NET11A,,
KGW007,ψ“c,HIKETA,34.2130,134.4133,9,NA,μ§,KAGAWAKEN,K-NET11A,,
KGW008,‹Υ“μ,KOTONAMI,34.1645,133.9241,177,NA,μ§,KAGAWAKEN,K-NET11A,,
KMM001,¬‘,OGUNI,33.1211,131.0689,430,NA,F–{§,KUMAMOTOKEN,K-NET11B,,
KMM002,R­,YAMAGA,33.0189,130.6846,33,NA,F–{§,KUMAMOTOKEN,K-NET11B,,
KMM003,‹Κ–Ό,TAMANA,32.9335,130.5477,13,NA,F–{§,KUMAMOTOKEN,K-NET11B,,
KMM004,κ‚Μ‹{,ICHINOMIYA,32.9318,131.1203,554,NA,F–{§,KUMAMOTOKEN,K-NET11A,,
KMM005,‘ε’Γ,OHZU,32.8761,130.8771,125,NA,F–{§,KUMAMOTOKEN,K-NET11B,,
KMM006,F–{,KUMAMOTO,32.7934,130.7772,35,NA,F–{§,KUMAMOTOKEN,K-NET11B,,
KMM007,‚X,TAKAMORI,32.8268,131.1224,547,NA,F–{§,KUMAMOTOKEN,K-NET11B,,
KMM008,‰F“y,UTO,32.6875,130.6598,3,NA,F–{§,KUMAMOTOKEN,K-NET11B,,
KMM009,–ξ•”,YABE,32.6864,130.9886,466,NA,F–{§,KUMAMOTOKEN,K-NET11B,,
KMM010,Op,MISUMI,32.6134,130.4873,6,NA,F–{§,KUMAMOTOKEN,K-NET11B,,
KMM011,“u—p,TOMOCHI,32.6166,130.8635,142,NA,F–{§,KUMAMOTOKEN,K-NET11B,,
KMM012,”‘γ,YATSUSHIRO,32.5099,130.5908,2,NA,F–{§,KUMAMOTOKEN,K-NET11C,,
KMM013,“c‰Y,TANOURA,32.3644,130.5089,6,NA,F–{§,KUMAMOTOKEN,K-NET11B,,
KMM014,ά–Ψ,ITSUKI,32.3961,130.8273,306,NA,F–{§,KUMAMOTOKEN,K-NET11B,,
KMM015,…–“,MINAMATA,32.2161,130.4059,8,NA,F–{§,KUMAMOTOKEN,K-NET11B,,
KMM016,l‹g,HITOYOSHI,32.1965,130.7757,151,NA,F–{§,KUMAMOTOKEN,K-NET11B,,
KMM017,‘½—Η–Ψ,TARAGI,32.2567,130.9245,153,NA,F–{§,KUMAMOTOKEN,K-NET11B,,
KMM018,—΄ƒ–x,RYUGATAKE,32.3941,130.3898,8,NA,F–{§,KUMAMOTOKEN,K-NET11B,,
KMM019,–{“n,HONDO,32.4548,130.1807,10,NA,F–{§,KUMAMOTOKEN,K-NET11B,,
KMM020,Va,SHINWA,32.3636,130.1807,9.6,NA,F–{§,KUMAMOTOKEN,K-NET18,,
KMM021,“V‘,AMAKUSA,32.3793,129.9996,7,NA,F–{§,KUMAMOTOKEN,K-NET11B,,
KMM022,‹[,USHIBUKA,32.1945,130.0270,3,NA,F–{§,KUMAMOTOKEN,K-NET11B,,
KNG001,μθ,KAWASAKI,35.5291,139.7061,2,NA,_“ήμ§,KANAGAWAKEN,K-NET11A,,
KNG002,‰΅•l,YOKOHAMA,35.4372,139.6334,2,NA,_“ήμ§,KANAGAWAKEN,K-NET11A,,
KNG003,‰΅{‰κ,YOKOSUKA,35.2731,139.6582,25,NA,_“ήμ§,KANAGAWAKEN,K-NET11A,,
KNG004,Oθ,MISAKI,35.1442,139.6223,31,NA,_“ήμ§,KANAGAWAKEN,K-NET11A,,
KNG005,™‘q,KAMAKURA,35.3191,139.5461,10,NA,_“ήμ§,KANAGAWAKEN,K-NET11A,,
KNG006,“ρ–“μ,FUTAMATAGAWA,35.4541,139.5391,60,NA,_“ήμ§,KANAGAWAKEN,K-NET11A,,
KNG007,“΅‘ς,FUJISAWA,35.3382,139.4926,10,NA,_“ήμ§,KANAGAWAKEN,K-NET11A,,
KNG008,‘–Ν΄,SAGAMIHARA,35.5749,139.3262,120,NA,_“ήμ§,KANAGAWAKEN,K-NET11A,,
KNG009,ϊ–Ψ,ATSUGI,35.4425,139.3621,19,NA,_“ήμ§,KANAGAWAKEN,K-NET11A,,
KNG010,•½’Λ,HIRATSUKA,35.3339,139.3446,7,NA,_“ήμ§,KANAGAWAKEN,K-NET11A,,
KNG011,“΅–μ,FUJINO,35.6151,139.1554,214,NA,_“ήμ§,KANAGAWAKEN,K-NET11A,,
KNG012,`–μ,HADANO,35.3793,139.2044,139,NA,_“ήμ§,KANAGAWAKEN,K-NET11A,,
KNG013,¬“c΄,ODAWARA,35.2642,139.1521,11,NA,_“ήμ§,KANAGAWAKEN,K-NET11A,,
KNG014,R–k,YAMAKITA,35.3609,139.0828,107,NA,_“ήμ§,KANAGAWAKEN,K-NET11A,,
KNG201,•½’ΛST1,HIRATSUKA-ST1,34.5956,139.9183,-2197,NA,-,-,K-NET02,,
KNG202,•½’ΛST2,HIRATSUKA-ST2,34.7396,139.8393,-2339,NA,-,-,K-NET02,,
KNG203,•½’ΛST3,HIRATSUKA-ST3,34.7983,139.6435,-902,NA,-,-,K-NET02,,
KNG204,•½’ΛST4,HIRATSUKA-ST4,34.8931,139.5711,-933,NA,-,-,K-NET02,,
KNG205,•½’ΛST5,HIRATSUKA-ST5,34.9413,139.4213,-1486,NA,-,-,K-NET02,,
KNG206,•½’ΛST6,HIRATSUKA-ST6,35.0966,139.3778,-1130,NA,-,-,K-NET02,,
KOC001,“—m,TOYO,33.5277,134.2808,7,NA,‚’m§,KOCHIKEN,K-NET11A,,
KOC002,ΊΛ,MUROTO,33.2946,134.1666,19,NA,‚’m§,KOCHIKEN,K-NET11A,,
KOC003,ΐ|,AKI,33.5014,133.9071,5,NA,‚’m§,KOCHIKEN,K-NET11A,,
KOC004,•¨•”,MONOBE,33.6975,133.8764,220,NA,‚’m§,KOCHIKEN,K-NET11A,,
KOC005,“y²R“c,TOSAYAMADA,33.5929,133.6923,27,NA,‚’m§,KOCHIKEN,K-NET11A,,
KOC006,“y²,TOSA,33.4943,133.4166,8,NA,‚’m§,KOCHIKEN,K-NET11A,,
KOC007,‚’m,KOCHI,33.5612,133.5273,3,NA,‚’m§,KOCHIKEN,K-NET11A,,
KOC008,–{μ,HONKAWA,33.7758,133.3467,553,NA,‚’m§,KOCHIKEN,K-NET11A,,
KOC009,αμ,AGAWA,33.5736,133.1720,98,NA,‚’m§,KOCHIKEN,K-NET11A,,
KOC010,{θ,SUSAKI,33.3929,133.2852,2,NA,‚’m§,KOCHIKEN,K-NET11A,,
KOC011,΄,YUSUHARA,33.3982,132.8962,500,NA,‚’m§,KOCHIKEN,K-NET11A,,
KOC012,‘ε³,TAISHO,33.1976,132.9758,147,NA,‚’m§,KOCHIKEN,K-NET11A,,
KOC013,²‰κ,SAGA,33.0797,133.1023,4,NA,‚’m§,KOCHIKEN,K-NET11A,,
KOC014,’†‘Ί,NAKAMURA,32.9897,132.9403,6,NA,‚’m§,KOCHIKEN,K-NET11A,,
KOC015,h–Ρ,SUKUMO,32.9393,132.7258,3,NA,‚’m§,KOCHIKEN,K-NET11A,,
KOC016,“y²΄…,TOSASHIMIZU,32.7359,132.9754,125,NA,‚’m§,KOCHIKEN,K-NET11A,,
KOC017,‘ε–L,OTOYO,33.7844,133.7298,228,NA,‚’m§,KOCHIKEN,K-NET11A,,
KYT001,’Oγ,TANGO,35.7404,135.1019,11,NA,‹“s•{,KYOTOFU,K-NET11A,,
KYT002,‹v”ό•l,KUMIHAMA,35.6038,134.8945,3,NA,‹“s•{,KYOTOFU,K-NET11A,,
KYT003,Ι,INE,35.6762,135.2927,27,NA,‹“s•{,KYOTOFU,K-NET11A,,
KYT004,‹{’Γ,MIYAZU,35.5356,135.1959,2,NA,‹“s•{,KYOTOFU,K-NET11A,,
KYT005,•‘’ί,MAIZURU,35.4756,135.3893,2,NA,‹“s•{,KYOTOFU,K-NET11A,,
KYT006,•’mR,FUKUCHIYAMA,35.2766,135.1820,70,NA,‹“s•{,KYOTOFU,K-NET11A,,
KYT007,°¶,ASHIU,35.3063,135.7120,406,NA,‹“s•{,KYOTOFU,K-NET11A,,
KYT008,–{―,HONJO,35.2610,135.3967,99,NA,‹“s•{,KYOTOFU,K-NET11A,,
KYT009,“ϊ‹g,HIYOSHI,35.1639,135.5017,156,NA,‹“s•{,KYOTOFU,K-NET11A,,
KYT010,‘ε•z{,OHFUSE,35.2098,135.7738,402.3,NA,‹“s•{,KYOTOFU,---,‹x~,suspension
KYT011,‹T‰,KAMEOKA,35.0171,135.5637,101,NA,‹“s•{,KYOTOFU,K-NET11A,,
KYT012,‹“s,KYOTO,34.9977,135.8177,87,NA,‹“s•{,KYOTOFU,K-NET11A,,
KYT013,‰F΅,UJI,34.8784,135.8046,79,NA,‹“s•{,KYOTOFU,K-NET11A,,
KYT014,“μRι,MINAMIYAMASHIRO,34.7731,135.9921,69,NA,‹“s•{,KYOTOFU,K-NET11A,,
KYT015,L‰Ν΄,HIROGAWARA,35.2496,135.7667,443,NA,‹“s•{,KYOTOFU,K-NET11A,,
MIE001,“΅΄,FUJIWARA,35.1719,136.4948,128,NA,Od§,MIEKEN,K-NET11A,,
MIE002,Τ–μ,KOMONO,35.0283,136.5069,79,NA,Od§,MIEKEN,K-NET11A,,
MIE003,l“ϊs,YOKKAICHI,34.9708,136.6356,2,NA,Od§,MIEKEN,K-NET11A,,
MIE004,‹TR,KAMEYAMA,34.8568,136.4489,78,NA,Od§,MIEKEN,K-NET11A,,
MIE005,γ–μ,UENO,34.7679,136.1149,134,NA,Od§,MIEKEN,K-NET11A,,
MIE006,’Γ,TSU,34.7178,136.5039,2,NA,Od§,MIEKEN,K-NET11A,,
MIE007,”’R,HAKUSAN,34.6398,136.3399,52,NA,Od§,MIEKEN,K-NET11A,,
MIE008,–Ό’£,NABARI,34.6291,136.1074,222,NA,Od§,MIEKEN,K-NET11A,,
MIE009,Όγ,MATSUZAKA,34.5752,136.5296,8,NA,Od§,MIEKEN,K-NET11A,,
MIE010,Ι¨,ISE,34.4909,136.7331,17,NA,Od§,MIEKEN,K-NET11A,,
MIE011,”Ρ‚,IITAKA,34.4284,136.3328,143,NA,Od§,MIEKEN,K-NET11A,,
MIE012,u–€,SHIMA,34.2544,136.8229,7,NA,Od§,MIEKEN,K-NET11A,,
MIE013,“μ“‡,NANTO,34.2778,136.4993,2,NA,Od§,MIEKEN,K-NET11A,,
MIE014,”φh,OWASE,34.0636,136.1689,84,NA,Od§,MIEKEN,K-NET11A,,
MIE015,F–μ,KUMANO,33.8788,136.0816,6,NA,Od§,MIEKEN,K-NET11A,,
MIE016,‹Ia,KIWA,33.8764,135.9191,60,NA,Od§,MIEKEN,K-NET11A,,
MIE017,‹{μ,MIYAKAWA,34.3628,136.3358,116,NA,Od§,MIEKEN,K-NET11A,,
MIE018,’ΦΆ,TSUBAISO,34.8701,136.4546,73,NA,Od§,MIEKEN,K-NET11A,,
MYG001,‹Cεΐ,KESENNUMA,38.9017,141.5709,36,NA,‹{ι§,MIYAGIKEN,K-NET11,,
MYG002,‰Μ’Γ,UTATSU,38.7261,141.5110,65,NA,‹{ι§,MIYAGIKEN,K-NET11C,,
MYG003,“a,TOWA,38.7349,141.3116,32,NA,‹{ι§,MIYAGIKEN,K-NET11,,
MYG004,’zΩ,TSUKIDATE,38.7324,141.0270,38,NA,‹{ι§,MIYAGIKEN,K-NET11,,
MYG005,–Βq,NARUKO,38.7989,140.6512,304,NA,‹{ι§,MIYAGIKEN,K-NET11C,,
MYG006,Γμ,FURUKAWA,38.5660,140.9767,17,NA,‹{ι§,MIYAGIKEN,K-NET11,,
MYG007,–L—Ά,TOYOSATO,38.5877,141.2510,4,NA,‹{ι§,MIYAGIKEN,K-NET11,,
MYG008,–kγ,KITAKAMI,38.5676,141.4267,26,NA,‹{ι§,MIYAGIKEN,K-NET11,,
MYG009,‘εa,TAIWA,38.4466,140.8871,29,NA,‹{ι§,MIYAGIKEN,K-NET11,,
MYG010,Ξ,ISHINOMAKI,38.4292,141.2819,2,NA,‹{ι§,MIYAGIKEN,K-NET11,,
MYG011,‰²­,OSHIKA,38.3020,141.5079,12,NA,‹{ι§,MIYAGIKEN,K-NET11,,
MYG012,‰–β},SHIOGAMA,38.3288,141.0128,74,NA,‹{ι§,MIYAGIKEN,K-NET11,,
MYG013,ε‘δ,SENDAI,38.2661,140.9286,5,NA,‹{ι§,MIYAGIKEN,K-NET11,,
MYG014,μ•ΐ,SAKUNAMI,38.3173,140.6362,259,NA,‹{ι§,MIYAGIKEN,K-NET11,,
MYG015,βΐ,IWANUMA,38.1037,140.8708,3,NA,‹{ι§,MIYAGIKEN,K-NET11,,
MYG016,”’Ξ,SHIROISHI,38.0079,140.6212,49,NA,‹{ι§,MIYAGIKEN,K-NET11,,
MYG017,p“c,KAKUDA,37.9760,140.7822,12,NA,‹{ι§,MIYAGIKEN,K-NET11,,
MYG018,Ι—Ά‘O,ISATOMAE,38.7194,141.5228,24,NA,‹{ι§,MIYAGIKEN,K-NET11,,
MYG019,–Βq‰·ς,NARUKOONSEN,38.7513,140.7226,144,NA,‹{ι§,MIYAGIKEN,K-NET11,,
MYZ001,‚η•δ,TAKACHIHO,32.7050,131.3086,362,NA,‹{θ§,MIYAZAKIKEN,K-NET11A,,
MYZ002,–kμ,KITAGAWA,32.6978,131.6833,18,NA,‹{θ§,MIYAZAKIKEN,K-NET11A,,
MYZ003,‰„‰,NOBEOKA,32.5659,131.6602,6,NA,‹{θ§,MIYAZAKIKEN,K-NET11A,,
MYZ004,“μ‹½,NANGO,32.3888,131.3338,289,NA,‹{θ§,MIYAZAKIKEN,K-NET11A,,
MYZ005,“ϊό,HYUGA,32.4286,131.6009,26,NA,‹{θ§,MIYAZAKIKEN,K-NET11B,,
MYZ006,“s”_,TSUNO,32.2564,131.5609,23,NA,‹{θ§,MIYAZAKIKEN,K-NET11A,,
MYZ007,Ό•Δ—Η,NISHIMERA,32.2351,131.1155,306,NA,‹{θ§,MIYAZAKIKEN,K-NET11A,,
MYZ008,Ό“s,SAITO,32.1056,131.3931,59,NA,‹{θ§,MIYAZAKIKEN,K-NET11A,,
MYZ009,‚¦‚Ρ‚Μ,EBINO,32.0461,130.8115,230,NA,‹{θ§,MIYAZAKIKEN,K-NET11A,,
MYZ010,¬—Ρ,KOBAYASHI,31.9968,130.9722,203,NA,‹{θ§,MIYAZAKIKEN,K-NET11A,,
MYZ011,»,AYA,31.9951,131.2559,24,NA,‹{θ§,MIYAZAKIKEN,K-NET11A,,
MYZ012,‚θ,TAKASAKI,31.8723,131.0684,150,NA,‹{θ§,MIYAZAKIKEN,K-NET11A,,
MYZ013,‹{θ,MIYAZAKI,31.9086,131.4188,6,NA,‹{θ§,MIYAZAKIKEN,K-NET11A,,
MYZ014,“c–μ,TANO,31.8457,131.3070,136,NA,‹{θ§,MIYAZAKIKEN,K-NET11A,,
MYZ015,“sι,MIYAKONOJO,31.7182,131.0624,146,NA,‹{θ§,MIYAZAKIKEN,K-NET11A,,
MYZ016,“ϊ“μ,NICHINAN,31.6131,131.3745,9,NA,‹{θ§,MIYAZAKIKEN,K-NET11A,,
MYZ017,‹ψΤ,KUSHIMA,31.4639,131.2281,9,NA,‹{θ§,MIYAZAKIKEN,K-NET11A,,
MYZ018,“sδ–¦,TOIMISAKI,31.3987,131.3054,12,NA,‹{θ§,MIYAZAKIKEN,K-NET11A,,
MYZ019,–k‹½,KITAGO,32.5008,131.4444,142,NA,‹{θ§,MIYAZAKIKEN,K-NET11A,,
MYZ020,’Ε—t,SHIIBA,32.4557,131.1472,600,NA,‹{θ§,MIYAZAKIKEN,K-NET11A,,
NAR001,¶‹ξ,IKOMA,34.7153,135.7276,149,NA,“ή—Η§,NARAKEN,K-NET11A,,
NAR002,“ή—Η,NARA,34.6682,135.8353,93,NA,“ή—Η§,NARAKEN,K-NET11A,,
NAR003,‘εa‚“c,YAMATOTAKADA,34.5171,135.7171,67,NA,“ή—Η§,NARAKEN,K-NET11A,,
NAR004,Y΄,HAIBARA,34.5277,135.9511,308,NA,“ή—Η§,NARAKEN,K-NET11A,,
NAR005,ά,GOJO,34.3414,135.6844,97,NA,“ή—Η§,NARAKEN,K-NET11A,,
NAR006,μγ,KAWAKAMI,34.3384,135.9545,341,NA,“ή—Η§,NARAKEN,K-NET11A,,
NAR007,‘ε“ƒ,OHTO,34.2214,135.7368,762,NA,“ή—Η§,NARAKEN,K-NET11A,,
NAR008,γ–kR,KAMIKITAYAMA,34.1369,136.0063,332,NA,“ή—Η§,NARAKEN,K-NET11A,,
NAR009,\’Γμ,TOTSUKAWA,33.9396,135.7530,198,NA,“ή—Η§,NARAKEN,K-NET11A,,
NGN001,”ΡR,IIYAMA,36.8513,138.3657,315,NA,’·–μ§,NAGANOKEN,K-NET18,,
NGN002,M”Z,SHINANO,36.8068,138.2069,677,NA,’·–μ§,NAGANOKEN,K-NET11A,,
NGN003,Rƒm“ΰ,YAMANOUCHI,36.7400,138.4137,589,NA,’·–μ§,NAGANOKEN,K-NET11A,,
NGN004,’·–μ,NAGANO,36.6475,138.1941,361,NA,’·–μ§,NAGANOKEN,K-NET11A,,
NGN005,”’”n,HAKUBA,36.6987,137.8630,702,NA,’·–μ§,NAGANOKEN,K-NET11A,,
NGN006,‘ε’¬,OHMACHI,36.5084,137.8514,733,NA,’·–μ§,NAGANOKEN,K-NET11A,,
NGN007,Y£‰Ί,KUISEKE,36.5344,138.1188,360,NA,’·–μ§,NAGANOKEN,K-NET11A,,
NGN008,γ“c,UEDA,36.4018,138.2483,456,NA,’·–μ§,NAGANOKEN,K-NET11A,,
NGN009,•δ‚,HOTAKA,36.3371,137.8718,562,NA,’·–μ§,NAGANOKEN,K-NET11A,,
NGN010,¬”,KOMORO,36.3282,138.4349,738,NA,’·–μ§,NAGANOKEN,K-NET11A,,
NGN011,’·–ε,NAGATO,36.2718,138.2584,630,NA,’·–μ§,NAGANOKEN,K-NET11A,,
NGN012,Ό–{,MATSUMOTO,36.2571,137.9796,637,NA,’·–μ§,NAGANOKEN,K-NET11A,,
NGN013,ΐ“ά,AZUMI,36.1827,137.7850,733,NA,’·–μ§,NAGANOKEN,K-NET11A,,
NGN014,¬C,KOUMI,36.0956,138.4839,855,NA,’·–μ§,NAGANOKEN,K-NET11A,,
NGN015,z–K,SUWA,36.0451,138.1114,761,NA,’·–μ§,NAGANOKEN,K-NET11A,,
NGN016,•xm©,FUJIMI,35.9133,138.2229,965,NA,’·–μ§,NAGANOKEN,K-NET11A,,
NGN017,“θμ,NARAKAWA,35.9749,137.8259,916,NA,’·–μ§,NAGANOKEN,K-NET11A,,
NGN018,‰¤‘κ,OTAKI,35.8129,137.5298,1012,NA,’·–μ§,NAGANOKEN,K-NET11A,,
NGN019,–Ψ‘]•“‡,KISOFUKUSHIMA,35.8561,137.7080,789,NA,’·–μ§,NAGANOKEN,K-NET11A,,
NGN020,Ι“ί,INA,35.8278,137.9548,633,NA,’·–μ§,NAGANOKEN,K-NET11A,,
NGN021,‹ξƒ–,KOMAGANE,35.7293,137.9336,677,NA,’·–μ§,NAGANOKEN,K-NET11A,,
NGN022,“μ–Ψ‘],NAGISO,35.6053,137.6126,453,NA,’·–μ§,NAGANOKEN,K-NET11A,,
NGN023,‘ε­,OHSHIKA,35.5775,138.0338,673,NA,’·–μ§,NAGANOKEN,K-NET11A,,
NGN024,”Ρ“c,IIDA,35.5232,137.8382,536,NA,’·–μ§,NAGANOKEN,K-NET11A,,
NGN025,“V—΄,TENRYU,35.2864,137.8571,318,NA,’·–μ§,NAGANOKEN,K-NET11A,,
NGS001,•½Λ,HIRADO,33.3617,129.5377,134,NA,’·θ§,NAGASAKIKEN,K-NET18,,
NGS002,Ό‰Y,MATSUURA,33.3442,129.7056,3,NA,’·θ§,NAGASAKIKEN,K-NET18,,
NGS003,uXκ,SHIJIKI,33.2016,129.4124,25,NA,’·θ§,NAGASAKIKEN,K-NET18,,
NGS004,²Ά•Ϋ,SASEBO,33.1810,129.7173,24,NA,’·θ§,NAGASAKIKEN,K-NET18,,
NGS005,“”ή‹n,HIGASHISONOGI,33.0370,129.9173,3,NA,’·θ§,NAGASAKIKEN,K-NET18,,
NGS006,‘ε£Λ,OHSETO,32.9330,129.6436,23,NA,’·θ§,NAGASAKIKEN,K-NET18,,
NGS007,‹ΥC,KINKAI,32.9062,129.7804,5,NA,’·θ§,NAGASAKIKEN,K-NET18,,
NGS008,¬’·δ,KONAGAI,32.9233,130.1846,7,NA,’·θ§,NAGASAKIKEN,K-NET18,,
NGS009,ζ|‘,ISAHAYA,32.8457,130.0216,25,NA,’·θ§,NAGASAKIKEN,K-NET18,,
NGS010,’·θ,NAGASAKI,32.7351,129.8765,77,NA,’·θ§,NAGASAKIKEN,K-NET18,,
NGS011,ηXΞ,CHIJIWA,32.7843,130.2023,38,NA,’·θ§,NAGASAKIKEN,K-NET18,,
NGS012,“‡΄,SHIMABARA,32.7883,130.3463,100,NA,’·θ§,NAGASAKIKEN,K-NET18,,
NGS013,–μ•κθ,NOMOZAKI,32.5810,129.7597,5,NA,’·θ§,NAGASAKIKEN,K-NET18,,
NGS014,ϋ”V’Γ,KUCHINOTSU,32.6104,130.1851,2,NA,’·θ§,NAGASAKIKEN,K-NET18,,
NGS015,‰F‹v,UKU,33.2557,129.1256,56,NA,’·θ§,NAGASAKIKEN,K-NET18,,
NGS016,αΌ,WAKAMATSU,32.8876,129.0213,4,NA,’·θ§,NAGASAKIKEN,K-NET18,,
NGS017,•],FUKUE,32.6693,128.8432,112,NA,’·θ§,NAGASAKIKEN,K-NET18,,
NGS018,‹Κ”V‰Y,TAMANOURA,32.6340,128.6205,13,NA,’·θ§,NAGASAKIKEN,K-NET18,,
NGS019,‘ε‘Ί,OHMURA,32.9003,129.9583,2,NA,’·θ§,NAGASAKIKEN,K-NET18,,
NGS020,γ‘Ξ”n,KAMITSUSHIMA,34.6551,129.4591,13,NA,’·θ§,NAGASAKIKEN,K-NET18,,
NGS021,–L‹Κ,TOYOTAMA,34.3971,129.3239,10,NA,’·θ§,NAGASAKIKEN,K-NET18,,
NGS022,‘•,KOKUBU,34.2031,129.2874,8,NA,’·θ§,NAGASAKIKEN,K-NET18,,
NGS023,‹½ƒm‰Y,GONOURA,33.7500,129.6910,41,NA,’·θ§,NAGASAKIKEN,K-NET18,,
NIG001,β’Jϋ,IWAYAGUCHI,38.2570,138.4318,6,NA,Vƒ§,NIIGATAKEN,K-NET11A,,
NIG002,—Ό’Γ,RYOTSU,38.0748,138.4407,3,NA,Vƒ§,NIIGATAKEN,K-NET11A,,
NIG003,²a“c,SAWATA,37.9977,138.3231,4,NA,Vƒ§,NIIGATAKEN,K-NET11A,,
NIG004,¬–Ψ,OGI,37.8200,138.2788,42,NA,Vƒ§,NIIGATAKEN,K-NET11A,,
NIG005,Όƒ–θ,MATSUGASAKI,37.9207,138.4971,3,NA,Vƒ§,NIIGATAKEN,K-NET11A,,
NIG006,¦μ,KANGAWA,38.4514,139.4963,4,NA,Vƒ§,NIIGATAKEN,K-NET11A,,
NIG007,‘Ίγ,MURAKAMI,38.2306,139.4863,10,NA,Vƒ§,NIIGATAKEN,K-NET11A,,
NIG008,’†π,NAKAJO,38.0514,139.4086,23,NA,Vƒ§,NIIGATAKEN,K-NET11A,,
NIG009,V”­“c,SHIBATA,37.9510,139.3377,11,NA,Vƒ§,NIIGATAKEN,K-NET11A,,
NIG010,Vƒ,NIIGATA,37.9144,139.0107,7,NA,Vƒ§,NIIGATAKEN,K-NET11B,,
NIG011,V’Γ,NIITSU,37.8012,139.1457,8,NA,Vƒ§,NIIGATAKEN,K-NET11C,,
NIG012,­£,KANOSE,37.6863,139.4771,70,NA,Vƒ§,NIIGATAKEN,K-NET11B,,
NIG013,,MAKI,37.7634,138.8830,7,NA,Vƒ§,NIIGATAKEN,K-NET11B,,
NIG014,Oπ,SANJO,37.6412,138.9553,9,NA,Vƒ§,NIIGATAKEN,K-NET11C,,
NIG015,‘ΊΌ,MURAMATSU,37.6938,139.1884,34,NA,Vƒ§,NIIGATAKEN,K-NET11C,,
NIG016,›”‘,TERADOMARI,37.6458,138.7730,32,NA,Vƒ§,NIIGATAKEN,K-NET11B,,
NIG017,’·‰,NAGAOKA,37.4410,138.8425,21,NA,Vƒ§,NIIGATAKEN,K-NET11C,,
NIG018,”θ,KASHIWAZAKI,37.3727,138.5583,10,NA,Vƒ§,NIIGATAKEN,K-NET11B,,
NIG019,¬η’J,OJIYA,37.3043,138.8121,65,NA,Vƒ§,NIIGATAKEN,K-NET11C,,
NIG020,¬o,KOIDE,37.2348,138.9621,93,NA,Vƒ§,NIIGATAKEN,K-NET11C,,
NIG021,\“ϊ’¬,TOKAMACHI,37.2011,138.7783,109,NA,Vƒ§,NIIGATAKEN,K-NET11C,,
NIG022,‰–‘ς,SHIOZAWA,37.0366,138.8461,182,NA,Vƒ§,NIIGATAKEN,K-NET11C,,
NIG023,’Γ“μ,TSUNAN,37.0134,138.6546,245,NA,Vƒ§,NIIGATAKEN,K-NET11C,,
NIG024,ΐ’Λ,YASUZUKA,37.1274,138.4442,83,NA,Vƒ§,NIIGATAKEN,K-NET11C,,
NIG025,’Ό]’Γ,NAOETSU,37.1610,138.2234,11,NA,Vƒ§,NIIGATAKEN,K-NET11B,,
NIG026,Vδ,ARAI,37.0224,138.2506,70,NA,Vƒ§,NIIGATAKEN,K-NET11B,,
NIG027,…‹›μ,ITOIGAWA,37.0235,137.8613,107,NA,Vƒ§,NIIGATAKEN,K-NET11B,,
NIG028,’·‰x,NAGAOKA-SHISHO,37.4257,138.8856,86,NA,Vƒ§,NIIGATAKEN,K-NET11C,,
OIT001,‘©,KUNIMI,33.6788,131.5949,7,NA,‘ε•§,OITAKEN,K-NET11A,,
OIT002,’†’Γ,NAKATSU,33.5691,131.2675,8,NA,‘ε•§,OITAKEN,K-NET11A,,
OIT003,–Lγ‚“c,BUNGOTAKADA,33.5575,131.4460,5,NA,‘ε•§,OITAKEN,K-NET11A,,
OIT004,‘“,KUNISAKI,33.5659,131.7316,4,NA,‘ε•§,OITAKEN,K-NET11A,,
OIT005,–λ”nk,YABAKEI,33.4524,131.1142,113,NA,‘ε•§,OITAKEN,K-NET11A,,
OIT006,‰@“ΰ,INNAI,33.4211,131.3173,91,NA,‘ε•§,OITAKEN,K-NET11A,,
OIT007,‹n’z,KITSUKI,33.4169,131.6142,21,NA,‘ε•§,OITAKEN,K-NET11A,,
OIT008,“V£,AMAGASE,33.2548,131.0197,189,NA,‘ε•§,OITAKEN,K-NET11A,,
OIT009,“’•z‰@,YUFUIN,33.2568,131.3443,455,NA,‘ε•§,OITAKEN,K-NET11A,,
OIT010,‘ε•,OHITA,33.2317,131.5934,7,NA,‘ε•§,OITAKEN,K-NET11A,,
OIT011,²‰κΦ,SAGANOSEKI,33.2468,131.8816,8,NA,‘ε•§,OITAKEN,K-NET11A,,
OIT012,’Ό“ό,NAOIRI,33.0666,131.3729,460,NA,‘ε•§,OITAKEN,K-NET11A,,
OIT013,Ά”,INUKAI,33.0727,131.5934,85,NA,‘ε•§,OITAKEN,K-NET11A,,
OIT014,’Γ‹v©,TSUKUMI,33.0656,131.8588,8,NA,‘ε•§,OITAKEN,K-NET11A,,
OIT015,’|“c,TAKEDA,32.9733,131.3998,267,NA,‘ε•§,OITAKEN,K-NET11A,,
OIT016,²”,SAIKI,32.9748,131.9030,2,NA,‘ε•§,OITAKEN,K-NET11A,,
OIT017,‰F–Ϊ,UME,32.8579,131.6576,251,NA,‘ε•§,OITAKEN,K-NET11A,,
OIT018,—],KAMAE,32.7980,131.9255,12,NA,‘ε•§,OITAKEN,K-NET11A,,
OKN001,‘“,KUNIGAMI,26.7402,128.1736,7,NA,‰«“κ§,OKINAWAKEN,K-NET02,,
OKN002,–Όμ,NAGO,26.5916,127.9767,3,NA,‰«“κ§,OKINAWAKEN,K-NET02,,
OKN003,‹οuμ,GUSHIKAWA,26.3800,127.8572,10,NA,‰«“κ§,OKINAWAKEN,K-NET02,,
OKN004,“ί”e,NAHA,26.2497,127.6786,3.5,NA,‰«“κ§,OKINAWAKEN,K-NET02,,
OKN005,’m”O,CHINEN,26.1686,127.8267,73.3,NA,‰«“κ§,OKINAWAKEN,K-NET02,,
OKN006,‹v•Δ“‡,KUMEJIMA,26.3497,126.7479,30,NA,‰«“κ§,OKINAWAKEN,K-NET02,,
OKN007,λ–“,KARIMATA,24.8530,125.2964,14,NA,‰«“κ§,OKINAWAKEN,K-NET02,,
OKN008,ι•Σ,GUSUKUBE,24.7558,125.3864,70,NA,‰«“κ§,OKINAWAKEN,K-NET02,,
OKN009,V‰h,SHINEI,24.3413,124.1526,3,NA,‰«“κ§,OKINAWAKEN,K-NET02,,
OKN010,Ι΄Τ,IBARUMA,24.5088,124.2820,10,NA,‰«“κ§,OKINAWAKEN,K-NET02,,
OKN011,γ΄,UEHARA,24.4324,123.7798,20,NA,‰«“κ§,OKINAWAKEN,K-NET02,,
OKY001,“’΄,YUBARA,35.1702,133.7311,316,NA,‰R§,OKAYAMAKEN,K-NET11A,,
OKY002,‰Α–Ξ,KAMO,35.1785,134.0505,233,NA,‰R§,OKAYAMAKEN,K-NET11A,,
OKY003,ΌΎ‘q,NISHIAWAKURA,35.1732,134.3346,320,NA,‰R§,OKAYAMAKEN,K-NET11A,,
OKY004,V©,NIIMI,34.9586,133.5018,165,NA,‰R§,OKAYAMAKEN,K-NET11A,,
OKY005,—‡,OCHIAI,35.0096,133.7318,134,NA,‰R§,OKAYAMAKEN,K-NET11A,,
OKY006,’ΓR,TSUYAMA,35.0685,134.0054,96,NA,‰R§,OKAYAMAKEN,K-NET11A,,
OKY007,‚—ΐ,TAKAHASHI,34.7805,133.6104,60,NA,‰R§,OKAYAMAKEN,K-NET11A,,
OKY008,•”,TAKEBE,34.8688,133.9039,62,NA,‰R§,OKAYAMAKEN,K-NET11A,,
OKY009,‹gδ,YOSHII,34.9185,134.0931,49,NA,‰R§,OKAYAMAKEN,K-NET11A,,
OKY010,”υ‘O,BIZEN,34.7228,134.1229,8,NA,‰R§,OKAYAMAKEN,K-NET11A,,
OKY011,‰R,OKAYAMA,34.6554,133.9075,2,NA,‰R§,OKAYAMAKEN,K-NET11A,,
OKY012,‘q•~,KURASHIKI,34.5897,133.7540,3,NA,‰R§,OKAYAMAKEN,K-NET11A,,
OKY013,}‰,KASAOKA,34.5094,133.5090,9,NA,‰R§,OKAYAMAKEN,K-NET11A,,
OKY014,‰Ί’Γδ,SHIMOTSUI,34.4483,133.7870,48,NA,‰R§,OKAYAMAKEN,K-NET11A,,
OKY015,γΦ΄,KAMISAIBARA,35.2793,133.9260,473,NA,‰R§,OKAYAMAKEN,K-NET11A,,
OSK001,”\¨,NOSE,34.9688,135.3960,215,NA,‘εγ•{,OSAKAFU,K-NET11A,,
OSK002,‚’Ξ,TAKATSUKI,34.8572,135.5958,34,NA,‘εγ•{,OSAKAFU,K-NET11A,,
OSK003,–L’†,TOYONAKA,34.7668,135.4684,4,NA,‘εγ•{,OSAKAFU,K-NET11A,,
OSK004,l“λ,SHIJONAWATE,34.7407,135.6396,15,NA,‘εγ•{,OSAKAFU,K-NET11A,,
OSK005,‘εγ,OHSAKA,34.7256,135.5101,4,NA,‘εγ•{,OSAKAFU,K-NET11A,,
OSK006,δ,SAKAI,34.5894,135.4710,1,NA,‘εγ•{,OSAKAFU,K-NET11A,,
OSK007,‰H‰g–μ,HABIKINO,34.5575,135.6060,31,NA,‘εγ•{,OSAKAFU,K-NET11A,,
OSK008,έa“c,KISHIWADA,34.4404,135.3918,36,NA,‘εγ•{,OSAKAFU,K-NET11A,,
OSK009,‰Ν“ΰ’·–μ,KAWACHINAGANO,34.4364,135.5805,207,NA,‘εγ•{,OSAKAFU,K-NET11A,,
OSK010,ς“μ,SENNAN,34.3744,135.2553,3,NA,‘εγ•{,OSAKAFU,K-NET11A,,
SAG001,’ΑΌ,CHINZEI,33.5274,129.8772,40,NA,²‰κ§,SAGAKEN,K-NET18,,
SAG002,“‚’Γ,KARATSU,33.4228,129.9192,208,NA,²‰κ§,SAGAKEN,K-NET18,,
SAG003,•xm,FUJI,33.3732,130.2081,187,NA,²‰κ§,SAGAKEN,K-NET18,,
SAG004,Ι–—Ά,IMARI,33.2649,129.8813,32,NA,²‰κ§,SAGAKEN,K-NET18,,
SAG005,µ–Ψ,KYURAGI,33.3213,130.0645,47,NA,²‰κ§,SAGAKEN,K-NET18,,
SAG006,•—Y,TAKEO,33.1917,130.0317,9,NA,²‰κ§,SAGAKEN,K-NET18,,
SAG007,²‰κ,SAGA,33.2626,130.3005,4,NA,²‰κ§,SAGAKEN,K-NET18,,
SAG008,­“‡,KASHIMA,33.1041,130.0998,7,NA,²‰κ§,SAGAKEN,K-NET18,,
SIG001,—]ΰ,YOGO,35.5399,136.2066,141,NA, ‰κ§,SHIGAKEN,K-NET11A,,
SIG002,΅’Γ,IMAZU,35.4214,136.0243,95,NA, ‰κ§,SHIGAKEN,K-NET11A,,
SIG003,’·•l,NAGAHAMA,35.3773,136.2642,86,NA, ‰κ§,SHIGAKEN,K-NET11A,,
SIG004,‹€–Ψ,KUTSUKI,35.3474,135.9187,187,NA, ‰κ§,SHIGAKEN,K-NET11A,,
SIG005,•F,HIKONE,35.2499,136.2414,92,NA, ‰κ§,SHIGAKEN,K-NET11A,,
SIG006,u‰κ,SHIGA,35.2002,135.9210,105,NA, ‰κ§,SHIGAKEN,K-NET11A,,
SIG007,‹ί]””¦,OMIHACHIMAN,35.1339,136.0957,90,NA, ‰κ§,SHIGAKEN,K-NET11A,,
SIG008,‰iΉ›,EIGENJI,35.0704,136.2946,220,NA, ‰κ§,SHIGAKEN,K-NET11A,,
SIG009,bΌ,KOSEI,35.0052,136.0841,134,NA, ‰κ§,SHIGAKEN,K-NET11A,,
SIG010,‘ε’Γ,OHTSU,34.9719,135.8965,111,NA, ‰κ§,SHIGAKEN,K-NET11A,,
SIG011,My,SHIGARAKI,34.8781,136.0591,283,NA, ‰κ§,SHIGAKEN,K-NET11A,,
SIG012,b‰κ,KOGA,34.9018,136.2324,225,NA, ‰κ§,SHIGAKEN,K-NET11A,,
SIT001,–{―,HONJO,36.2431,139.1938,48,NA,ι‹Κ§,SAITAMAKEN,K-NET11A,,
SIT002,F’J,KUMAGAYA,36.1478,139.3888,28,NA,ι‹Κ§,SAITAMAKEN,K-NET11A,,
SIT003,‹vμ,KUKI,36.0721,139.6969,8,NA,ι‹Κ§,SAITAMAKEN,K-NET11A,,
SIT004,’·“,NAGATORO,36.1178,139.1044,144,NA,ι‹Κ§,SAITAMAKEN,K-NET11A,,
SIT005,¬μ,OGAWA,36.0563,139.2626,90,NA,ι‹Κ§,SAITAMAKEN,K-NET11A,,
SIT006,’•ƒ,CHICHIBU,35.9959,139.0713,211,NA,ι‹Κ§,SAITAMAKEN,K-NET11A,,
SIT007,“ΌR,HIGASHIMATSUYAMA,36.0542,139.3933,26,NA,ι‹Κ§,SAITAMAKEN,K-NET11A,,
SIT008,t“ϊ•”,KASUKABE,35.9829,139.7456,7,NA,ι‹Κ§,SAITAMAKEN,K-NET11A,,
SIT009,μ‰z,KAWAGOE,35.9033,139.4826,23,NA,ι‹Κ§,SAITAMAKEN,K-NET11A,,
SIT010,‘ε‹{,OHMIYA,35.9071,139.6478,6,NA,ι‹Κ§,SAITAMAKEN,K-NET11A,,
SIT011,μϋ,KAWAGUCHI,35.8098,139.7214,3,NA,ι‹Κ§,SAITAMAKEN,K-NET11A,,
SIT012,”Ρ”\,HANNO,35.8403,139.3216,87,NA,ι‹Κ§,SAITAMAKEN,K-NET11A,,
SIT013,‘ς,TOKOROZAWA,35.7966,139.4659,76,NA,ι‹Κ§,SAITAMAKEN,K-NET11A,,
SIT014,’†’Γμ,NAKATSUGAWA,35.9954,138.8010,746,NA,ι‹Κ§,SAITAMAKEN,K-NET11A,,
SMN001,”ό•ΫΦ,MIHONOSEKI,35.5371,133.1614,2,NA,“‡§,SHIMANEKEN,K-NET11A,,
SMN002,Ό],MATSUE,35.4713,133.0681,3,NA,“‡§,SHIMANEKEN,K-NET11A,,
SMN003,‰΅“c,YOKOTA,35.1798,133.0934,333,NA,“‡§,SHIMANEKEN,K-NET11A,,
SMN004,–Ψ,KISUKI,35.2875,132.9022,46,NA,“‡§,SHIMANEKEN,K-NET11A,,
SMN005,o‰_,IZUMO,35.3608,132.7449,8,NA,“‡§,SHIMANEKEN,K-NET11A,,
SMN006,‘ε“c,OHTA,35.1908,132.4981,36,NA,“‡§,SHIMANEKEN,K-NET11A,,
SMN007,—W’q,OCHI,35.0773,132.5919,79,NA,“‡§,SHIMANEKEN,K-NET11A,,
SMN008,•δ,MIZUHO,34.8521,132.5308,335,NA,“‡§,SHIMANEKEN,K-NET11A,,
SMN009,]’Γ,GOTSU,35.0117,132.2219,21,NA,“‡§,SHIMANEKEN,K-NET11A,,
SMN010,•l“c,HAMADA,34.8876,132.0757,111,NA,“‡§,SHIMANEKEN,K-NET11A,,
SMN011,•C©,HIKIMI,34.5722,132.0136,260,NA,“‡§,SHIMANEKEN,K-NET11A,,
SMN012,Z“ϊs,MUIKAICHI,34.3551,131.9354,314,NA,“‡§,SHIMANEKEN,K-NET11A,,
SMN013,‰v“c,MASUDA,34.6696,131.8461,36,NA,“‡§,SHIMANEKEN,K-NET11A,,
SMN014,’Γa–μ,TSUWANO,34.4668,131.7747,157,NA,“‡§,SHIMANEKEN,K-NET11A,,
SMN015,L£,HIROSE,35.3653,133.1706,34,NA,“‡§,SHIMANEKEN,K-NET11A,,
SMN016,|‡,KAKEYA,35.1959,132.8144,207,NA,“‡§,SHIMANEKEN,K-NET11A,,
SMN017,Όƒm“‡,NISHINOSHIMA,36.0930,132.9838,5,NA,“‡§,SHIMANEKEN,K-NET11A,,
SMN018,“s–,TSUMA,36.1969,133.2348,6,NA,“‡§,SHIMANEKEN,K-NET11A,,
SMN019,•z{,FUSE,36.2938,133.3526,7,NA,“‡§,SHIMANEKEN,K-NET11A,,
SMN020,‰Ί‰F•””φ,SHIMOUBEO,35.5347,133.1651,3,NA,“‡§,SHIMANEKEN,K-NET11A,,
SZO001,”MC,ATAMI,35.1425,139.0798,74,NA,Γ‰§,SHIZUOKAKEN,K-NET11A,,
SZO002,Ι“,ITO,34.9653,139.1030,46,NA,Γ‰§,SHIZUOKAKEN,K-NET11A,,
SZO003,“Ι“¤,HIGASHIIZU,34.8158,139.0544,149,NA,Γ‰§,SHIZUOKAKEN,K-NET11A,,
SZO004,“μΙ“¤,MINAMIIZU,34.6471,138.8193,51,NA,Γ‰§,SHIZUOKAKEN,K-NET11A,,
SZO005,Όθ,MATSUZAKI,34.7550,138.7841,4,NA,Γ‰§,SHIZUOKAKEN,K-NET11A,,
SZO006,“y”μ,TOI,34.9111,138.7948,10,NA,Γ‰§,SHIZUOKAKEN,K-NET11A,,
SZO007,C‘P›,SHUZENJI,34.9771,138.9468,46,NA,Γ‰§,SHIZUOKAKEN,K-NET11A,,
SZO008,ΐ’Γ,NUMAZU,35.1105,138.8436,7,NA,Γ‰§,SHIZUOKAKEN,K-NET11A,,
SZO009,–μ,SUSONO,35.1972,138.9129,181,NA,Γ‰§,SHIZUOKAKEN,K-NET11A,,
SZO010,δ“aκ,GOTEMBA,35.3134,138.9063,537,NA,Γ‰§,SHIZUOKAKEN,K-NET11A,,
SZO011,•xm‹{,FUJINOMIYA,35.2129,138.6015,195,NA,Γ‰§,SHIZUOKAKEN,K-NET11A,,
SZO012,—΄,KAMBARA,35.1257,138.6222,9,NA,Γ‰§,SHIZUOKAKEN,K-NET11A,,
SZO013,΄…,SHIMIZU,35.0409,138.4765,11,NA,Γ‰§,SHIZUOKAKEN,K-NET11A,,
SZO014,Γ‰,SHIZUOKA,34.9649,138.3741,19,NA,Γ‰§,SHIZUOKAKEN,K-NET11A,,
SZO015,”~ƒ–“‡,UMEGASHIMA,35.2433,138.3410,451,NA,Γ‰§,SHIZUOKAKEN,K-NET11A,,
SZO016,Δ’Γ,YAIZU,34.8564,138.3120,3,NA,Γ‰§,SHIZUOKAKEN,K-NET11A,,
SZO017,•l‰,HAMAOKA,34.6375,138.1286,9,NA,Γ‰§,SHIZUOKAKEN,K-NET11A,,
SZO018,Y΄,HAIBARA,34.7389,138.2247,3,NA,Γ‰§,SHIZUOKAKEN,K-NET11A,,
SZO019,|μ,KAKEGAWA,34.7705,137.9989,36,NA,Γ‰§,SHIZUOKAKEN,K-NET11A,,
SZO020,μ,KAWANE,35.0084,138.1474,270,NA,Γ‰§,SHIZUOKAKEN,K-NET11C,,
SZO021,–{μ,HONKAWANE,35.0978,138.1332,441,NA,Γ‰§,SHIZUOKAKEN,K-NET11A,,
SZO022,²‹vΤ,SAKUMA,35.0918,137.8127,136,NA,Γ‰§,SHIZUOKAKEN,K-NET11A,,
SZO023,“V—³,TENRYU,34.8736,137.8167,46,NA,Γ‰§,SHIZUOKAKEN,K-NET11A,,
SZO024,•lΌ,HAMAMATSU,34.7104,137.7199,29,NA,Γ‰§,SHIZUOKAKEN,K-NET11A,,
SZO025,ΞΌ,KOSAI,34.7189,137.5318,3,NA,Γ‰§,SHIZUOKAKEN,K-NET11A,,
SZO026,t–μ,HARUNO,34.9812,137.8964,133,NA,Γ‰§,SHIZUOKAKEN,K-NET11A,,
SZO027,ΌΙ“¤,NISHIIZU,34.7809,138.7934,14,NA,Γ‰§,SHIZUOKAKEN,K-NET11A,,
SZO028,μ“ή,KAWANA,34.9522,139.1379,9,NA,Γ‰§,SHIZUOKAKEN,K-NET11B,,
TCG001,•ι,KUROISO,36.9432,140.0825,253,NA,“Θ–Ψ§,TOCHIGIKEN,K-NET11A,,
TCG002,‰–΄,SHIOBARA,36.9903,139.8029,619,NA,“Θ–Ψ§,TOCHIGIKEN,K-NET11A,,
TCG003,“΅΄,FUJIWARA,36.8153,139.7184,403,NA,“Θ–Ψ§,TOCHIGIKEN,K-NET11A,,
TCG004,“’³,YUMOTO,36.8065,139.4221,1492,NA,“Θ–Ψ§,TOCHIGIKEN,K-NET11A,,
TCG005,–ξ”Β,YAITA,36.8061,139.9264,196,NA,“Θ–Ψ§,TOCHIGIKEN,K-NET11A,,
TCG006,¬μ,OGAWA,36.7638,140.1295,122,NA,“Θ–Ψ§,TOCHIGIKEN,K-NET11A,,
TCG007,‰F“s‹{,UTSUNOMIYA,36.5677,139.8873,136,NA,“Θ–Ψ§,TOCHIGIKEN,K-NET11A,,
TCG008,­ΐ,KANUMA,36.5600,139.7676,152,NA,“Θ–Ψ§,TOCHIGIKEN,K-NET11A,,
TCG009,΅s,IMAICHI,36.7261,139.7159,361,NA,“Θ–Ψ§,TOCHIGIKEN,K-NET11A,,
TCG010,‘«”φ,ASHIO,36.6348,139.4379,637,NA,“Θ–Ψ§,TOCHIGIKEN,K-NET11A,,
TCG011,‹¶,KUZUU,36.3869,139.6144,93,NA,“Θ–Ψ§,TOCHIGIKEN,K-NET11A,,
TCG012,¬R,OYAMA,36.2863,139.8048,34,NA,“Θ–Ψ§,TOCHIGIKEN,K-NET11A,,
TCG013,^‰,MOKA,36.4368,140.0227,66,NA,“Θ–Ψ§,TOCHIGIKEN,K-NET11A,,
TCG014,–Ξ–Ψ,MOTEGI,36.5428,140.1804,139,NA,“Θ–Ψ§,TOCHIGIKEN,K-NET11A,,
TCG015,‹Ϊΐ,SERINUMA,36.7488,139.7144,343,NA,“Θ–Ψ§,TOCHIGIKEN,K-NET11A,,
TCG016,–k‚‰,KITATAKAOKA,36.5288,140.1558,135,NA,“Θ–Ψ§,TOCHIGIKEN,K-NET11A,,
TKS001,–Β–ε,NARUTO,34.2034,134.6096,2,NA,“Ώ“‡§,TOKUSHIMAKEN,K-NET11A,,
TKS002,“Ώ“‡,TOKUSHIMA,34.0439,134.5820,2,NA,“Ώ“‡§,TOKUSHIMAKEN,K-NET11A,,
TKS003,Ά“μ,ANAN,33.8716,134.6040,13,NA,“Ώ“‡§,TOKUSHIMAKEN,K-NET11A,,
TKS004,—Rς,YUKI,33.7750,134.5907,3,NA,“Ώ“‡§,TOKUSHIMAKEN,K-NET11A,,
TKS005,γ,KAMIKATSU,33.8788,134.3890,284,NA,“Ώ“‡§,TOKUSHIMAKEN,K-NET11A,,
TKS006,–΄ς,MUGI,33.6689,134.4191,2,NA,“Ώ“‡§,TOKUSHIMAKEN,K-NET11A,,
TKS007,sκ,ICHIBA,34.0903,134.2854,50,NA,“Ώ“‡§,TOKUSHIMAKEN,K-NET11A,,
TKS008,–Ψ‰®•½,KOYADAIRA,33.9341,134.2113,337,NA,“Ώ“‡§,TOKUSHIMAKEN,K-NET11A,,
TKS009,–Ψ“,KITO,33.7722,134.1993,365,NA,“Ώ“‡§,TOKUSHIMAKEN,K-NET11A,,
TKS010,’ευ,SADAMITSU,34.0382,134.0614,54,NA,“Ώ“‡§,TOKUSHIMAKEN,K-NET11A,,
TKS011,“‘c’JR,HIGASHIIYAYAMA,33.8744,133.9219,550,NA,“Ώ“‡§,TOKUSHIMAKEN,K-NET11A,,
TKS012,’r“c,IKEDA,34.0317,133.8064,128,NA,“Ώ“‡§,TOKUSHIMAKEN,K-NET11A,,
TKY001,•Xμ,HIKAWA,35.8031,139.0953,380,NA,“‹“s,TOKYOTO,K-NET11A,,
TKY002,•O΄,HINOHARA,35.7306,139.1454,291,NA,“‹“s,TOKYOTO,K-NET11A,,
TKY003,Β”~,OUME,35.7968,139.2916,179,NA,“‹“s,TOKYOTO,K-NET11A,,
TKY004,”‰¤q,HACHIOJI,35.6301,139.4034,81,NA,“‹“s,TOKYOTO,K-NET11A,,
TKY005,’¬“c,MACHIDA,35.5798,139.4137,106,NA,“‹“s,TOKYOTO,K-NET11A,,
TKY006,¬‹ΰδ,KOGANEI,35.6989,139.5028,70,NA,“‹“s,TOKYOTO,K-NET11A,,
TKY007,Vh,SHINJUKU,35.7111,139.6864,34,NA,“‹“s,TOKYOTO,K-NET11A,,
TKY008,‰“c,OKADA,34.7851,139.3909,65,NA,“‹“s,TOKYOTO,K-NET11A,,
TKY009,”g•‚`,HABUMINATO,34.6867,139.4410,53,NA,“‹“s,TOKYOTO,K-NET11A,,
TKY010,V“‡,NIIJIMA,34.3779,139.2573,16,NA,“‹“s,TOKYOTO,K-NET11A,,
TKY011,_’…,KAMITSUKI,34.1228,139.5315,42.1,NA,“‹“s,TOKYOTO,---,‹x~,suspension
TKY012,”δ,HACHIJO,33.1195,139.7986,62,NA,“‹“s,TOKYOTO,K-NET11A,,
TKY013,»’¬,SUNAMACHI,35.6627,139.8341,1,NA,“‹“s,TOKYOTO,K-NET11A,,
TKY014,‹TΛ,KAMEIDO,35.7002,139.8351,-3,NA,“‹“s,TOKYOTO,K-NET11A,,
TKY015,“”’ιΆ,HIGASHISHIRAHIGE,35.7313,139.8119,4,NA,“‹“s,TOKYOTO,K-NET11A,,
TKY016,“‰_,SHINONOME,35.6486,139.7990,2,NA,“‹“s,TOKYOTO,K-NET11A,,
TKY017,’C–¤,TATSUMI,35.6473,139.8092,4,NA,“‹“s,TOKYOTO,K-NET11A,,
TKY018,”},HACHIEDA,35.6553,139.8114,6,NA,“‹“s,TOKYOTO,K-NET11A,,
TKY019,–LF,TOYOSU,35.6538,139.7948,NA,NA,“‹“s,TOKYOTO,---,‹x~,suspension
TKY020,‰–•l,SHIOHAMA,35.6646,139.8086,2,NA,“‹“s,TOKYOTO,K-NET11A,,
TKY021,‰],SARUE,35.6875,139.8190,1,NA,“‹“s,TOKYOTO,K-NET11A,,
TKY022,‰΅–Τ,YOKOAMI,35.7002,139.7963,1,NA,“‹“s,TOKYOTO,K-NET11A,,
TKY023,”L,YAHIRO,35.7259,139.8254,0,NA,“‹“s,TOKYOTO,K-NET11A,,
TKY024,‰Λ,OKUDO,35.7422,139.8612,3,NA,“‹“s,TOKYOTO,K-NET11A,,
TKY025,Βθ,SHINOZAKI,35.7136,139.8972,1,NA,“‹“s,TOKYOTO,K-NET11A,,
TKY026,‰Fμ“c,UKITA,35.6707,139.8633,-2,NA,“‹“s,TOKYOTO,K-NET11A,,
TKY027,],MIZUE,35.6930,139.8913,1,NA,“‹“s,TOKYOTO,K-NET11A,,
TKY028,‰z’†“‡,ECCHUJIMA,35.6698,139.7891,4,NA,“‹“s,TOKYOTO,K-NET11A,,
TKY029,O‘ξ,MIYAKE,34.0757,139.4789,32,NA,“‹“s,TOKYOTO,K-NET11A,,
TKY030,Τβ,AKASAKA,35.6698,139.7360,13,NA,“‹“s,TOKYOTO,K-NET18,,
TKY031,η‘Κƒ–’J,SENDAGAYA,35.6789,139.7070,29,NA,“‹“s,TOKYOTO,K-NET18,,
TTR001,αχ,WAKASA,35.3398,134.4007,231,NA,’Ήζ§,TOTTORIKEN,K-NET11A,,
TTR002,’Ήζ,TOTTORI,35.4859,134.2201,6,NA,’Ήζ§,TOTTORIKEN,K-NET11A,,
TTR003,—p£,MOCHIGASE,35.3432,134.2075,84,NA,’Ήζ§,TOTTORIKEN,K-NET11A,,
TTR004,­–μ,SHIKANO,35.4606,134.0548,49,NA,’Ήζ§,TOTTORIKEN,K-NET11A,,
TTR005,‘q‹g,KURAYOSHI,35.4298,133.8258,26,NA,’Ήζ§,TOTTORIKEN,K-NET11A,,
TTR006,Τκ,AKASAKI,35.5144,133.6297,19,NA,’Ήζ§,TOTTORIKEN,K-NET11A,,
TTR007,]•{,KOFU,35.2836,133.4866,155,NA,’Ήζ§,TOTTORIKEN,K-NET11A,,
TTR008,•Δq,YONAGO,35.4259,133.3301,2,NA,’Ήζ§,TOTTORIKEN,K-NET11A,,
TTR009,“ϊ“μ,NICHINAN,35.1712,133.3118,293,NA,’Ήζ§,TOTTORIKEN,K-NET11A,,
TYM001,‹«,SAKAI,36.9764,137.6257,11,NA,•xR§,TOYAMAKEN,K-NET11C,,
TYM002,•X©,HIMI,36.8659,136.9750,4,NA,•xR§,TOYAMAKEN,K-NET11C,,
TYM003,‹›’Γ,UOZU,36.8164,137.4200,47,NA,•xR§,TOYAMAKEN,K-NET11C,,
TYM004,‰F“ή,UNAZUKI,36.8626,137.5274,116,NA,•xR§,TOYAMAKEN,K-NET11C,,
TYM005,V–©,SHINMINATO,36.7611,137.0931,1,NA,•xR§,TOYAMAKEN,K-NET11C,,
TYM006,¬–ξ•”,OYABE,36.6731,136.8974,27,NA,•xR§,TOYAMAKEN,K-NET11C,,
TYM007,•xR,TOYAMA,36.6687,137.2123,17,NA,•xR§,TOYAMAKEN,K-NET11C,,
TYM008,‘εR,OHYAMA,36.6085,137.2826,128,NA,•xR§,TOYAMAKEN,K-NET11B,,
TYM009,””φ,YATSUO,36.5853,137.1403,77,NA,•xR§,TOYAMAKEN,K-NET11C,,
TYM010,•υ,FUKUMITSU,36.5556,136.8883,79,NA,•xR§,TOYAMAKEN,K-NET11C,,
TYM011,°•Ω,ASHIKURA,36.5780,137.3851,382,NA,•xR§,TOYAMAKEN,K-NET11B,,
TYM012,—‰κ,TOGA,36.4402,137.0395,669,NA,•xR§,TOYAMAKEN,K-NET11C,,
WKY001,a‰ΜR,WAKAYAMA,34.2293,135.1694,11,NA,a‰ΜR§,WAKAYAMAKEN,K-NET11A,,
WKY002,“ί‰κ,NAGA,34.2755,135.4306,59,NA,a‰ΜR§,WAKAYAMAKEN,K-NET11A,,
WKY003,—L“c,ARIDA,34.0996,135.1161,3,NA,a‰ΜR§,WAKAYAMAKEN,K-NET11A,,
WKY004,΄…,SHIMIZU,34.0841,135.4310,239,NA,a‰ΜR§,WAKAYAMAKEN,K-NET11A,,
WKY005,—΄_,RYUJIN,33.8943,135.4885,315,NA,a‰ΜR§,WAKAYAMAKEN,K-NET11A,,
WKY006,δ–V,GOBO,33.9146,135.1639,10,NA,a‰ΜR§,WAKAYAMAKEN,K-NET11A,,
WKY007,–{‹{,HONGU,33.8374,135.7736,60,NA,a‰ΜR§,WAKAYAMAKEN,K-NET11A,,
WKY008,“c•Σ,TANABE,33.7289,135.3771,6,NA,a‰ΜR§,WAKAYAMAKEN,K-NET11A,,
WKY009,V‹{,SHINGU,33.7208,135.9814,8,NA,a‰ΜR§,WAKAYAMAKEN,K-NET11A,,
WKY010,‚·‚³‚έ,SUSAMI,33.5499,135.4973,6,NA,a‰ΜR§,WAKAYAMAKEN,K-NET11A,,
WKY011,‘Ύ’n,TAIJI,33.5948,135.9462,10,NA,a‰ΜR§,WAKAYAMAKEN,K-NET11A,,
WKY012,‹ψ–{,KUSHIMOTO,33.4719,135.7835,3,NA,a‰ΜR§,WAKAYAMAKEN,K-NET11A,,
WKY013,‚–μ,KOYA,34.2159,135.5864,823,NA,a‰ΜR§,WAKAYAMAKEN,K-NET11A,,
WKY014,–Ψη,KOMORI,33.7056,135.6396,431,NA,a‰ΜR§,WAKAYAMAKEN,K-NET11A,,
YMG001,{²,SUSA,34.6172,131.6022,5,NA,Rϋ§,YAMAGUCHIKEN,K-NET11A,,
YMG002,”‹,HAGI,34.4077,131.3986,3,NA,Rϋ§,YAMAGUCHIKEN,K-NET11A,,
YMG003,¶‰_’†,IKUMONAKA,34.3830,131.5999,289,NA,Rϋ§,YAMAGUCHIKEN,K-NET11A,,
YMG004,’·–ε,NAGATO,34.3634,131.1865,24,NA,Rϋ§,YAMAGUCHIKEN,K-NET11A,,
YMG005,–L–k,HOHOKU,34.2907,130.9487,60,NA,Rϋ§,YAMAGUCHIKEN,K-NET11A,,
YMG006,–L‰Y,TOYOURA,34.1487,130.9299,6,NA,Rϋ§,YAMAGUCHIKEN,K-NET11A,,
YMG007,”ό”I,MINE,34.1659,131.2065,88,NA,Rϋ§,YAMAGUCHIKEN,K-NET11A,,
YMG008,Rϋ,YAMAGUCHI,34.0119,131.4099,5,NA,Rϋ§,YAMAGUCHIKEN,K-NET11A,,
YMG009,­–μ,KANO,34.2315,131.8175,377,NA,Rϋ§,YAMAGUCHIKEN,K-NET11A,,
YMG010,”όμ,MIKAWA,34.2303,131.9819,61,NA,Rϋ§,YAMAGUCHIKEN,K-NET11A,,
YMG011,‰ΊΦ,SHIMONOSEKI,34.0643,131.0213,25,NA,Rϋ§,YAMAGUCHIKEN,K-NET11A,,
YMG012,‰F•”,UBE,33.9943,131.2179,2,NA,Rϋ§,YAMAGUCHIKEN,K-NET11A,,
YMG013,–h•{,HOFU,34.0313,131.5342,3,NA,Rϋ§,YAMAGUCHIKEN,K-NET11A,,
YMG014,“ΏR,TOKUYAMA,34.0542,131.8077,15,NA,Rϋ§,YAMAGUCHIKEN,K-NET11A,,
YMG015,‹θ‰Ο,KUGA,34.0966,132.0761,64,NA,Rϋ§,YAMAGUCHIKEN,K-NET11A,,
YMG016,β‘,IWAKUNI,34.1703,132.1764,7,NA,Rϋ§,YAMAGUCHIKEN,K-NET11A,,
YMG017,–φδ,YANAI,33.9649,132.1011,1,NA,Rϋ§,YAMAGUCHIKEN,K-NET11A,,
YMG018,“a,TOWA,33.9091,132.3559,3,NA,Rϋ§,YAMAGUCHIKEN,K-NET11A,,
YMG019,γΦ,KAMINOSEKI,33.8454,132.1204,63,NA,Rϋ§,YAMAGUCHIKEN,K-NET11A,,
YMN001,’O”gR,TABAYAMA,35.7895,138.9198,616.7,NA,R—§,YAMANASHIKEN,K-NET11A,,
YMN002,‘ε,OHTSUKI,35.6133,138.9473,365,NA,R—§,YAMANASHIKEN,K-NET11A,,
YMN003,•xm‹g“c,FUJIYOSHIDA,35.4651,138.8129,846,NA,R—§,YAMANASHIKEN,K-NET11A,,
YMN004,‰–R,ENZAN,35.7025,138.7266,394,NA,R—§,YAMANASHIKEN,K-NET11A,,
YMN005,b•{,KOFU,35.6551,138.5679,263,NA,R—§,YAMANASHIKEN,K-NET11A,,
YMN006,–{²,MOTOSU,35.4685,138.6069,926,NA,R—§,YAMANASHIKEN,K-NET11A,,
YMN007,“μ•”,NAMBU,35.2790,138.4651,122,NA,R—§,YAMANASHIKEN,K-NET11A,,
YMN008,‘μ,HAYAKAWA,35.4319,138.3321,394,NA,R—§,YAMANASHIKEN,K-NET11A,,
YMN009,Z‹½,ROKUGO,35.4966,138.4628,230,NA,R—§,YAMANASHIKEN,K-NET11A,,
YMN010,{‹Κ,SUTAMA,35.7919,138.4182,521,NA,R—§,YAMANASHIKEN,K-NET11A,,
YMN011,°ΐ,ASHIYASU,35.6384,138.3836,643,NA,R—§,YAMANASHIKEN,K-NET11A,,
YMT001,π“c,SAKATA,38.9142,139.8123,2,NA,R`§,YAMAGATAKEN,K-NET11B,,
YMT002,V―,SHINJO,38.7686,140.2965,101,NA,R`§,YAMAGATAKEN,K-NET11B,,
YMT003,’ί‰,TSURUOKA,38.7260,139.8023,16,NA,R`§,YAMAGATAKEN,K-NET11C,,
YMT004,‰·C,ATSUMI,38.6208,139.5889,6,NA,R`§,YAMAGATAKEN,K-NET11C,,
YMT005,•Iά,HIJIORI,38.6079,140.1627,330,NA,R`§,YAMAGATAKEN,K-NET11B,,
YMT006,”φ‰Τ‘ς,OBANAZAWA,38.6001,140.4057,96,NA,R`§,YAMAGATAKEN,K-NET11B,,
YMT007,“,HIGASHINE,38.4302,140.3902,120,NA,R`§,YAMAGATAKEN,K-NET11B,,
YMT008,’†‘Ί,NAKAMURA,38.3854,139.9924,452,NA,R`§,YAMAGATAKEN,K-NET11B,,
YMT009,¦‰Ν],SAGAE,38.3902,140.2742,104,NA,R`§,YAMAGATAKEN,K-NET11B,,
YMT010,R`,YAMAGATA,38.2608,140.3484,147,NA,R`§,YAMAGATAKEN,K-NET11B,,
YMT011,γR,KAMINOYAMA,38.1484,140.2671,180,NA,R`§,YAMAGATAKEN,K-NET11B,,
YMT012,’·δ,NAGAI,38.1087,140.0430,198,NA,R`§,YAMAGATAKEN,K-NET11C,,
YMT013,¬‘,OGUNI,38.0631,139.7596,164,NA,R`§,YAMAGATAKEN,K-NET11C,,
YMT014,‰Ί‰®’n,SHIMOYACHI,37.9193,139.8816,366,NA,R`§,YAMAGATAKEN,K-NET11C,,
YMT015,•Δ‘ς,YONEZAWA,37.9049,140.0990,252,NA,R`§,YAMAGATAKEN,K-NET11B,,
YMT016,΄μ,KIYOKAWA,38.7906,140.0207,26,NA,R`§,YAMAGATAKEN,K-NET11B,,
YMT017,V―x,SHINJO-SHISHO,38.7897,140.3121,127,NA,R`§,YAMAGATAKEN,K-NET11B,,
