ABSH01,Y,OMU,44.5276,142.8444,105,100,kC,HOKKAIDO,KiK-net06,,,N.OUMH,2000/08/14
ABSH02,,OKOPPE-W,44.4234,143.0264,38,113,kC,HOKKAIDO,KiK-net18,,,N.OPWH,2000/08/14
ABSH03,,OKOPPE-E,44.3843,143.2407,30,100,kC,HOKKAIDO,KiK-net06,,,N.OPEH,2000/08/14
ABSH04,k,TAKINOUE-N,44.1920,143.0767,134,200,kC,HOKKAIDO,KiK-net18,,,N.TUNH,2000/08/14
ABSH05,,TAKINOUE-S,44.1146,143.0111,255,106,kC,HOKKAIDO,KiK-net06,,,N.TUSH,2000/08/14
ABSH06,Nʖk,YUBETSU-N,44.2146,143.6202,7,100,kC,HOKKAIDO,KiK-net06,,,N.YBNH,2000/09/06
ABSH07,,SHIRATAKI,43.8494,143.0861,699,127,kC,HOKKAIDO,KiK-net18,,,N.STKH,2000/08/14
ABSH08,Ηk,SHARI-N,44.0640,144.9935,65,105,kC,HOKKAIDO,KiK-net06,,,N.SYNH,2000/08/14
ABSH09,Η,SHARI-S,43.9269,144.8071,40,157,kC,HOKKAIDO,KiK-net11B,,,N.SYSH,2000/08/14
ABSH10,C,SAROMA,44.0813,143.9455,5,300,kC,HOKKAIDO,KiK-net18,,,N.SRMH,2000/08/14
ABSH11,,MEMAMBETSU,43.9144,144.1913,40,122,kC,HOKKAIDO,KiK-net11B,,,N.MMBH,2000/08/14
ABSH12,,KOSHIMIZU,43.8566,144.4574,25,120,kC,HOKKAIDO,KiK-net06,,,N.KMZH,2000/08/14
ABSH13,A,RUBESHIBE,43.7419,143.4514,321,105,kC,HOKKAIDO,KiK-net11B,,,N.RBSH,2000/08/14
ABSH14,y,BIHORO,43.7228,144.1835,87,103,kC,HOKKAIDO,KiK-net18,,,N.BHRH,2000/08/14
ABSH15,u˓,OKETO-E,43.6352,143.5100,292,100,kC,HOKKAIDO,KiK-net06,,,N.OKEH,2000/08/14
AICH04,,ANJO,34.9319,137.0568,5,1055,m,AICHIKEN,KiK-net11C,,,N.ANJH,2000/08/14
AICH05,튊,TOKONAME,34.8886,136.8763,50,401,m,AICHIKEN,---,x~,suspension,N.TKNH,2000/08/14
AICH06,,ATSUMI,34.6158,137.0419,5,300,m,AICHIKEN,KiK-net11A,,,N.ATMH,2000/08/14
AICH07,,ASAHI,35.2194,137.4039,621,201,m,AICHIKEN,KiK-net11A,,,N.ASHH,2000/08/14
AICH08,zc,NUKATA,34.9189,137.2993,90,100,m,AICHIKEN,KiK-net11A,,,N.NUKH,2000/08/14
AICH09,L,TOYOHASHI,34.6643,137.3902,60,360,m,AICHIKEN,KiK-net11A,,,N.TYHH,2000/08/14
AICH10,P,HORAI,35.0002,137.6243,160,100,m,AICHIKEN,KiK-net11A,,,N.HOUH,2000/08/14
AICH11,t,KASUGAI,35.3059,137.0570,162,100,m,AICHIKEN,KiK-net11A,,,N.KGIH,2000/08/14
AICH12,,HAZU,34.7884,137.1057,10,401,m,AICHIKEN,KiK-net11A,,,N.HAZH,2000/08/14
AICH13,F,KIYOSU,35.2177,136.8509,5,741,m,AICHIKEN,KiK-net18,,,N.KYSH,2001/05/29
AICH14,v,NAGAKUTE,35.1842,137.0474,60,207,m,AICHIKEN,KiK-net18,,,N.NGKH,2003/02/01
AICH15,,ASUKE,35.1392,137.3359,150,120,m,AICHIKEN,KiK-net11B,,,N.ASUH,2003/03/01
AICH16,݊y,SHITARA,35.1543,137.5350,655,101,m,AICHIKEN,KiK-net11B,,,N.STRH,2003/02/01
AICH17,L,TOYONE,35.1840,137.7268,755,101,m,AICHIKEN,KiK-net11B,,,N.TYEH,2003/02/11
AICH18,,OKAZAKI,34.9635,137.2377,200,100,m,AICHIKEN,KiK-net11B,,,N.OKZH,2003/02/01
AICH19,,TSUKUDE,34.9512,137.4114,545,100,m,AICHIKEN,KiK-net11B,,,N.TDEH,2003/01/29
AICH20,V,SHINSHIRO,34.8976,137.4876,55,100,m,AICHIKEN,KiK-net18,,,N.SSRH,2003/02/01
AICH21,m,MINAMICHITA,34.7401,136.9385,20,100,m,AICHIKEN,KiK-net18,,,N.MCTH,2003/01/30
AICH22,Lk,TOYOHASHI-N,34.7853,137.4393,30,200,m,AICHIKEN,KiK-net11B,,,N.THNH,2003/02/04
AICH23,튊2,TOKONAME2,34.8806,136.8316,3,980,m,AICHIKEN,KiK-net11A,,,N.TK2H,2015/03/10
AKTH01,ؖk,NISHIKI-N,39.8147,140.5790,318,100,Hc,AKITAKEN,KiK-net18,,,N.NSNH,2000/08/14
AKTH02,ؓ,NISHIKI-S,39.6634,140.5721,95,100,Hc,AKITAKEN,KiK-net18,,,N.NSSH,2000/08/14
AKTH03,,YASHIMA,39.2223,140.1283,145,103,Hc,AKITAKEN,KiK-net11A,,,N.YJMH,2000/08/14
AKTH04,,HIGASHINARUSE,39.1740,140.7129,280,100,Hc,AKITAKEN,KiK-net06,,,N.HNRH,2000/08/14
AKTH05,C,CHOKAI,39.0718,140.3185,275,200,Hc,AKITAKEN,KiK-net18,,,N.CHKH,2000/08/14
AKTH06,Y,OGACHI,38.9801,140.4952,285,100,Hc,AKITAKEN,KiK-net11C,,,N.OGCH,2000/08/14
AKTH07,,KOSAKA,40.4563,140.8395,405,105,Hc,AKITAKEN,KiK-net06,,,N.KOSH,2000/08/14
AKTH08,,FUJISATO,40.3188,140.2341,125,200,Hc,AKITAKEN,KiK-net06,,,N.FSTH,2000/08/14
AKTH09,c,TASHIRO,40.2755,140.4596,45,101,Hc,AKITAKEN,KiK-net18,,,N.TSRH,2000/08/14
AKTH10,,ODATE,40.3002,140.5812,85,100,Hc,AKITAKEN,KiK-net18,,,N.ODTH,2000/08/14
AKTH11,j,OGA,39.9554,139.7623,56,350,Hc,AKITAKEN,KiK-net11C,,,N.OGAH,2000/08/14
AKTH12,܏,GOJOME,39.9155,140.2221,90,100,Hc,AKITAKEN,KiK-net11A,,,N.GJOH,2000/08/14
AKTH13,m,ANI,39.9819,140.4072,145,100,Hc,AKITAKEN,KiK-net06,,,N.ANIH,2000/08/14
AKTH14,p,KAZUNO,40.0622,140.8084,320,108,Hc,AKITAKEN,KiK-net11A,,,N.KZNH,2000/08/14
AKTH15,a,KYOWA,39.6884,140.4075,165,100,Hc,AKITAKEN,KiK-net11A,,,N.KWAH,2000/08/14
AKTH16,k,NISHISEMBOKU,39.5450,140.3481,20,154,Hc,AKITAKEN,KiK-net06,,,N.NSBH,2000/08/14
AKTH17,,NAKASEN,39.5575,140.6116,95,177,Hc,AKITAKEN,KiK-net11A,,,N.NSEH,2000/08/14
AKTH18,X,OMORI,39.3548,140.3869,65,100,Hc,AKITAKEN,KiK-net18,,,N.OMRH,2000/08/14
AKTH19,,YUZAWA,39.1913,140.4710,74,180,Hc,AKITAKEN,KiK-net18,,,N.YUZH,2000/08/14
AOMH01,,OMA,41.5273,140.9127,10,100,X,AOMORIKEN,KiK-net06,,,N.OOMH,2000/08/14
AOMH02,,SAI,41.4049,140.8567,30,200,X,AOMORIKEN,KiK-net06,,,N.SAIH,2000/08/14
AOMH03,,KAWAUCHI,41.2340,140.9896,20,100,X,AOMORIKEN,KiK-net11C,,,N.KUCH,2000/08/14
AOMH04,X,AOMORI,40.8524,140.6759,10,307,X,AOMORIKEN,KiK-net18,,,N.AOMH,2000/08/14
AOMH05,Ӓn,NOHEJI,40.8564,141.1033,45,312,X,AOMORIKEN,KiK-net06,,,N.NHJH,2000/08/14
AOMH06,Z,ROKKASHO,40.9664,141.3738,5,100,X,AOMORIKEN,KiK-net18,,,N.RKSH,2000/08/14
AOMH07,[Y,FUKAURA,40.7451,140.0233,35,109,X,AOMORIKEN,KiK-net11,,,N.FKUH,2000/08/14
AOMH08,˃,AJIGASAWA,40.7618,140.3121,50,160,X,AOMORIKEN,KiK-net18,,,N.AJSH,2000/08/14
AOMH09,,IWAKI,40.6199,140.3499,160,162,X,AOMORIKEN,KiK-net06,,,N.IKIH,2000/08/14
AOMH10,,KUROISHI,40.6091,140.6646,102,106,X,AOMORIKEN,KiK-net11A,,,N.KRIH,2000/08/14
AOMH11,\acΐ,TOWADAKO-W,40.5800,140.9950,240,100,X,AOMORIKEN,KiK-net06,,,N.TWWH,2000/08/14
AOMH12,\acΓ,TOWADAKO-E,40.5846,141.1547,85,100,X,AOMORIKEN,KiK-net18,,,N.TWEH,2000/08/14
AOMH13,,HACHINOHE,40.5794,141.4451,10,150,X,AOMORIKEN,KiK-net11C,,,N.HHEH,2000/08/14
AOMH14,ډ,NISHIMEYA,40.5488,140.2726,158,100,X,AOMORIKEN,KiK-net06,,,N.NYAH,2000/08/14
AOMH15,k,OWANI,40.4841,140.5565,130,100,X,AOMORIKEN,KiK-net18,,,N.OWNH,2000/08/14
AOMH16,V,SHINGO,40.4624,141.0923,315,150,X,AOMORIKEN,KiK-net18,,,N.SHGH,2000/08/14
AOMH17,,NAGAWA,40.4492,141.3374,65,114,X,AOMORIKEN,KiK-net11C,,,N.NWAH,2000/08/14
AOMH18,cq,TATSUKO,40.2962,141.0145,235,100,X,AOMORIKEN,KiK-net06,,,N.TTKH,2000/08/14
CHBH04,,SHIMOSA,35.7966,140.0206,23,2300,t,CHIBAKEN,KiK-net06,,,N.SHMH,2003/04/04
CHBH06,x,SOSA,35.7215,140.5046,35,180,t,CHIBAKEN,KiK-net11,,,N.SSAH,2013/02/25
CHBH10,t,CHIBA,35.5458,140.2417,65,2000,t,CHIBAKEN,KiK-net18,,,N.CBAH,2003/03/05
CHBH11,{V,YORO,35.2867,140.1529,80,2000,t,CHIBAKEN,KiK-net18,,,N.YROH,2003/03/05
CHBH12,x,FUTTSU,35.3445,139.8554,3,2000,t,CHIBAKEN,KiK-net11C,,,N.FUTH,2003/01/01
CHBH13,c,NARITA,35.8307,140.2980,12,1300,t,CHIBAKEN,KiK-net18,,,N.NRTH,2002/12/01
CHBH14,q,CHOSHI-C,35.7342,140.8230,2,525,t,CHIBAKEN,KiK-net11A,,,N.CH2H,2003/03/14
CHBH15,َR,TATEYAMA-W,34.9591,139.7885,30,500,t,CHIBAKEN,KiK-net11A,,,N.TY2H,2003/03/11
CHBH16,,KAMOGAWA,35.1384,139.9649,160,2003,t,CHIBAKEN,KiK-net11A,,,N.KMWH,2003/09/01
CHBH17,Y,KATSURA-E,35.1714,140.3398,10,822,t,CHIBAKEN,KiK-net11A,,,N.KT2H,2004/05/11
CHBH19,@,HASUNUMA,35.5943,140.5107,1,1630,t,CHIBAKEN,KiK-net18,,,N.HSNH,2006/11/30
CHBH20,,KAMOGAWA-S,35.0882,140.0997,28,306,t,CHIBAKEN,KiK-net11B,,,N.KMSH,2008/07/24
EHMH01,Ó,TSUSHIMA,33.0556,132.5552,375,100,Q,EHIMEKEN,KiK-net11A,,,N.TSMH,2000/08/14
EHMH02,,SAIJO,33.8650,133.1840,75,110,Q,EHIMEKEN,KiK-net11A,,,N.SJOH,2000/08/14
EHMH03,V{,SHINGU,33.9154,133.6497,305,100,Q,EHIMEKEN,KiK-net11A,,,N.SINH,2000/08/14
EHMH04,O,TAMBARA,33.9023,133.0658,15,200,Q,EHIMEKEN,KiK-net11A,,,N.TBRH,2000/08/14
EHMH05,u,TOBE,33.7112,132.8032,140,134,Q,EHIMEKEN,KiK-net11A,,,N.TBEH,2000/08/14
EHMH06,g,HIYOSHI,33.3348,132.7980,230,200,Q,EHIMEKEN,KiK-net11A,,,N.HIYH,2000/08/14
EHMH07,͕,KAWABE,33.5022,132.7480,290,200,Q,EHIMEKEN,KiK-net11A,,,N.KWBH,2000/08/14
EHMH08,J,YANADANI,33.5388,133.0016,455,100,Q,EHIMEKEN,KiK-net11C,,,N.YNDH,2000/09/01
EHMH09,ɕ,IKATA,33.4719,132.3072,5,150,Q,EHIMEKEN,KiK-net11C,,,N.IKTH,2000/11/01
EHMH10,{E,MIYAKUBO,34.1918,133.0581,5,100,Q,EHIMEKEN,KiK-net11C,,,N.MYKH,2002/03/01
EHMH11,F,OHZU,33.5807,132.6011,210,100,Q,EHIMEKEN,KiK-net11B,,,N.OOZH,2002/03/11
EHMH12,Fa,UWA,33.4270,132.5055,250,150,Q,EHIMEKEN,KiK-net11B,,,N.UWAH,2002/03/12
EHMH13,O,MISAKI,33.3719,132.1157,10,222,Q,EHIMEKEN,KiK-net18,,,N.MISH,2004/02/27
FKIH01,i,EIHEIJI,36.0955,136.3617,65,100,䌧,FUKUIKEN,KiK-net18,,,N.EIHH,2000/08/14
FKIH02,Dc,OTA,35.9483,136.0556,120,100,䌧,FUKUIKEN,KiK-net11C,,,N.OTAH,2000/08/14
FKIH03,a,IZUMI,35.9415,136.6990,510,200,䌧,FUKUIKEN,KiK-net18,,,N.IZUH,2000/08/14
FKIH04,O,MIKATA,35.5587,135.8694,3,200,䌧,FUKUIKEN,KiK-net18,,,N.MIKH,2000/08/14
FKIH05,։,TSURUGA,35.6390,136.0303,10,122,䌧,FUKUIKEN,KiK-net18,,,N.TRGH,2000/08/14
FKIH06,l,TAKAHAMA,35.4907,135.4841,160,100,䌧,FUKUIKEN,KiK-net18,,,N.TKHH,2000/08/14
FKIH07,l,OBAMA,35.4573,135.7266,43,104,䌧,FUKUIKEN,KiK-net18,,,N.OBMH,2000/08/14
FKOH01,kB,KITAKYUSHU,33.8849,130.9798,15,200,,FUKUOKAKEN,KiK-net11C,,,N.KKYH,2000/08/14
FKOH02,{,WAKAMIYA,33.6963,130.5963,74,100,,FUKUOKAKEN,KiK-net18,,,N.WKMH,2000/08/14
FKOH03,F,UMI,33.5608,130.5499,185,100,,FUKUOKAKEN,KiK-net11A,,,N.UMIH,2000/08/14
FKOH04,Õ,KAHO,33.5512,130.7451,60,100,,FUKUOKAKEN,KiK-net18,,,N.KAHH,2000/08/14
FKOH05,Ґ,SAIGAWA,33.5293,130.9503,370,100,,FUKUOKAKEN,KiK-net18,,,N.SGWH,2000/08/14
FKOH06,LO,BUZEN,33.5925,131.1348,35,303,,FUKUOKAKEN,KiK-net11C,,,N.BZNH,2000/08/14
FKOH07,品,TACHIARAI,33.3678,130.6354,15,437,,FUKUOKAKEN,KiK-net18,,,N.TARH,2000/08/14
FKOH08,Ό,KOISHIWARA,33.4654,130.8285,480,100,,FUKUOKAKEN,KiK-net18,,,N.KIWH,2000/08/14
FKOH09,C,GENKAI,33.8501,130.5432,25,200,,FUKUOKAKEN,KiK-net18,,,N.GENH,2000/08/14
FKOH10,H,UKIHA,33.2891,130.8170,190,200,,FUKUOKAKEN,KiK-net11B,,,N.UKHH,2002/03/27
FKSH01,,NISHIAIZU,37.7565,139.7150,438,100,,FUKUSHIMAKEN,KiK-net18,,,N.NAZH,2000/08/14
FKSH02,M[,ATSUSHIOKANO,37.7317,139.8821,330,100,,FUKUSHIMAKEN,KiK-net06,,,N.ATKH,2000/08/14
FKSH03,,TAKASATO,37.6078,139.7533,225,127,,FUKUSHIMAKEN,KiK-net11A,,,N.TSTH,2000/08/14
FKSH04,Íc,AIZUTAKADA,37.4508,139.8126,278,268,,FUKUSHIMAKEN,KiK-net06,,,N.ATDH,2000/08/14
FKSH05,,SHIMOGO,37.2544,139.8725,496,105,,FUKUSHIMAKEN,KiK-net11A,,,N.SMGH,2000/08/14
FKSH06,ɓ,INA,37.1723,139.5199,572,100,,FUKUSHIMAKEN,KiK-net18,,,N.INAH,2000/08/14
FKSH07,w},HINOEMATA,37.0103,139.3755,974,200,,FUKUSHIMAKEN,KiK-net18,,,N.HMTH,2000/08/14
FKSH08,,NAGANUMA,37.2822,140.2144,343,105,,FUKUSHIMAKEN,KiK-net11A,,,N.NNMH,2000/08/14
FKSH09,SR,KORIYAMA,37.3530,140.4264,260,200,,FUKUSHIMAKEN,KiK-net11C,,,N.KRYH,2000/08/14
FKSH10,,NISHIGO,37.1616,140.0930,565,200,,FUKUSHIMAKEN,KiK-net18,,,N.NGUH,2000/08/14
FKSH11,,YABUKI,37.2006,140.3386,286,115,,FUKUSHIMAKEN,KiK-net11C,,,N.YBKH,2000/08/14
FKSH12,c,HIRATA,37.2169,140.5703,470,105,,FUKUSHIMAKEN,KiK-net11,,,N.HTAH,2000/08/14
FKSH13,킫,IWAKI-W,36.9951,140.5853,580,105,,FUKUSHIMAKEN,KiK-net11A,,,N.IWWH,2000/08/14
FKSH14,킫,IWAKI-E,37.0264,140.9702,3,147,,FUKUSHIMAKEN,KiK-net11C,,,N.IWEH,2000/08/14
FKSH15,c,INAWASHIRO,37.6461,140.1735,757,100,,FUKUSHIMAKEN,KiK-net18,,,N.INWH,2000/08/14
FKSH16,,FUKUSHIMA,37.7643,140.3766,135,300,,FUKUSHIMAKEN,KiK-net11A,,,N.FKSH,2000/08/14
FKSH17,얓,KAWAMATA,37.6636,140.5974,205,100,,FUKUSHIMAKEN,KiK-net18,,,N.KMAH,2000/08/14
FKSH18,Ot,MIHARU,37.4894,140.5380,410,100,,FUKUSHIMAKEN,KiK-net11,,,N.MRUH,2000/08/14
FKSH19,sH,MIYAKOJI,37.4703,140.7227,510,100,,FUKUSHIMAKEN,KiK-net11C,,,N.MKJH,2000/08/14
FKSH20,Q],NAMIE,37.4911,140.9871,12,109,,FUKUSHIMAKEN,KiK-net18,,,N.NMEH,2000/08/14
FKSH21,,TADAMI,37.3421,139.3147,375,200,,FUKUSHIMAKEN,KiK-net06,,,N.TDMH,2000/08/14
GIFH03,,NEO,35.6325,136.6134,170,100,򕌌,GIFUKEN,KiK-net11A,,,N.NEOH,2000/08/14
GIFH04,Ð,FURUKAWA,36.2448,137.1983,572,100,򕌌,GIFUKEN,KiK-net11A,,,N.FRKH,2000/08/14
GIFH05,,SHOKAWA,36.0654,136.9479,839,100,򕌌,GIFUKEN,KiK-net11A,,,N.SYKH,2000/08/14
GIFH06,x,TAKATOMI,35.5038,136.7939,39,202,򕌌,GIFUKEN,KiK-net11A,,,N.TKTH,2000/08/14
GIFH07,t,KASUGA,35.4179,136.4347,410,100,򕌌,GIFUKEN,KiK-net11C,,,N.KSGH,2000/08/14
GIFH08,a,YAMATO,35.8323,136.9621,515,100,򕌌,GIFUKEN,KiK-net11A,,,N.YMTH,2000/08/14
GIFH09,H,HASHIMA,35.2768,136.7002,5,1508,򕌌,GIFUKEN,KiK-net18,,,N.HMAH,2000/08/14
GIFH10,_,KAMIOKA,36.3779,137.3716,910,100,򕌌,GIFUKEN,KiK-net18,,,N.KOKH,2001/05/19
GIFH11,S,YAOTSU,35.4865,137.2464,563,100,򕌌,GIFUKEN,KiK-net18,,,N.YOTH,2001/01/01
GIFH12,,SAKAUCHI,35.6033,136.4134,260,106,򕌌,GIFUKEN,KiK-net18,,,N.SKUH,2002/04/11
GIFH13,,SHIRAKAWA,36.2743,136.8979,480,153,򕌌,GIFUKEN,KiK-net18,,,N.SRWH,2002/12/10
GIFH14,,KAMITAKARA,36.2493,137.5174,810,100,򕌌,GIFUKEN,KiK-net18,,,N.KTRH,2002/12/13
GIFH15,R,TAKAYAMA,36.1338,137.2208,625,104,򕌌,GIFUKEN,KiK-net18,,,N.TMAH,2002/12/10
GIFH16,k,ASAHI-N,36.0940,137.3438,790,100,򕌌,GIFUKEN,KiK-net18,,,N.ASNH,2002/12/17
GIFH17,h,TAKASU,35.9514,136.8732,610,100,򕌌,GIFUKEN,KiK-net18,,,N.TSUH,2002/12/13
GIFH18,n,MAZE,35.8991,137.1495,570,107,򕌌,GIFUKEN,KiK-net11A,,,N.MZEH,2002/12/25
GIFH19,,ASAHI-S,36.0216,137.3906,910,100,򕌌,GIFUKEN,KiK-net18,,,N.ASSH,2002/12/20
GIFH20,Ck,GERO-N,35.7991,137.2531,355,128,򕌌,GIFUKEN,KiK-net18,,,N.GR2H,2002/12/01
GIFH21,,MINAMI,35.6665,136.9618,170,200,򕌌,GIFUKEN,KiK-net18,,,N.MNMH,2002/12/17
GIFH22,R,KANAYAMA,35.6682,137.1054,435,100,򕌌,GIFUKEN,KiK-net18,,,N.KAYH,2002/12/21
GIFH23,,ITADORI,35.7235,136.7847,350,100,򕌌,GIFUKEN,KiK-net18,,,N.ITDH,2003/01/24
GIFH24,,HIGASHISHIRAKAWA,35.6401,137.3187,330,106,򕌌,GIFUKEN,KiK-net18,,,N.HSKH,2002/12/25
GIFH25,J,TANIGUMI,35.5214,136.6127,75,102,򕌌,GIFUKEN,KiK-net18,,,N.TNMH,2003/01/21
GIFH26,e,KAKAMIGAHARA,35.4121,136.8764,35,100,򕌌,GIFUKEN,KiK-net11C,,,N.KMHH,2003/01/25
GIFH27,Z,MINOKAMO,35.4527,137.0040,85,200,򕌌,GIFUKEN,KiK-net18,,,N.MKMH,2003/03/07
GIFH28,Ð,NAKATSUGAWA,35.4571,137.4706,440,400,򕌌,GIFUKEN,KiK-net18,,,N.NTGH,2003/03/19
GIFH29,Β,KAMIISHIZU,35.2953,136.4732,90,136,򕌌,GIFUKEN,KiK-net18,,,N.KIDH,2003/01/22
GNMH05,ɐ,ISESAKI,36.3143,139.1847,57,2000,Qn,GUNMAKEN,KiK-net11A,,,N.ISSH,2003/02/01
GNMH06,ٗ,TATEBAYASHI,36.2441,139.5443,20,1203,Qn,GUNMAKEN,KiK-net18,,,N.TBYH,2000/08/14
GNMH07,,TONE,36.6998,139.2104,646,200,Qn,GUNMAKEN,KiK-net11B,,,N.TNEH,2000/08/14
GNMH08,ڗ,TSUMAGOI,36.4917,138.5244,1040,150,Qn,GUNMAKEN,KiK-net18,,,N.TUMH,2000/08/14
GNMH09,R,TAKAYAMA,36.6212,138.9068,455,110,Qn,GUNMAKEN,KiK-net11A,,,N.TAYH,2000/08/14
GNMH10,mc,SHIMONITA,36.2356,138.7291,340,100,Qn,GUNMAKEN,KiK-net11C,,,N.SMNH,2000/08/14
GNMH11,x,TOMIOKA,36.2862,138.9210,151,200,Qn,GUNMAKEN,KiK-net11B,,,N.TMOH,2000/08/14
GNMH12,_,KANNA,36.1440,138.9129,930,102,Qn,GUNMAKEN,KiK-net06,,,N.KNAH,2004/09/14
GNMH13,2,MINAKAMI2,36.8620,139.0627,760,204,Qn,GUNMAKEN,KiK-net11A,,,N.MN2H,2004/11/27
GNMH14,݂ǂ,MIDORI,36.4931,139.3219,360,200,Qn,GUNMAKEN,KiK-net11A,,,N.MDRH,2006/11/07
HDKH01,搼,BIRATORI-W,42.7031,142.2296,82,100,kC,HOKKAIDO,KiK-net11B,,,N.BRWH,2000/08/14
HDKH02,擌,BIRATORI-E,42.7061,142.4054,230,110,kC,HOKKAIDO,KiK-net06,,,N.BREH,2000/08/14
HDKH03,ʓ,MOMBETSU-E,42.5934,142.3521,160,106,kC,HOKKAIDO,KiK-net18,,,N.MBEH,2000/08/14
HDKH04,ʐ,MOMBETSU-W,42.5126,142.0381,10,220,kC,HOKKAIDO,KiK-net18,,,N.MBWH,2000/12/01
HDKH05,V,NIIKAPPU,42.5977,142.5446,305,100,kC,HOKKAIDO,KiK-net06,,,N.NCPH,2001/05/01
HDKH06,Ó,SHIZUNAI,42.3498,142.3572,10,115,kC,HOKKAIDO,KiK-net11B,,,N.SZNH,2000/12/01
HDKH07,l,SAMANI,42.1330,142.9164,40,101,kC,HOKKAIDO,KiK-net18,,,N.SAMH,2000/12/01
HRSH01,O,MIHARA,34.3736,133.0236,35,205,L,HIROSHIMAKEN,KiK-net11A,,,N.MIHH,2000/08/14
HRSH02,a,DAIWA,34.5482,132.9480,360,100,L,HIROSHIMAKEN,KiK-net11A,,,N.DWAH,2000/08/14
HRSH03,䒲,MITSUGI,34.5183,133.1375,160,200,L,HIROSHIMAKEN,KiK-net11A,,,N.MIGH,2000/08/14
HRSH04,G,NUMAKUMA,34.3785,133.3493,25,200,L,HIROSHIMAKEN,KiK-net11A,,,N.NMKH,2000/08/14
HRSH05,_,KANNABE,34.5566,133.4179,20,200,L,HIROSHIMAKEN,KiK-net11A,,,N.KNBH,2000/08/14
HRSH06,a,KUCHIWA,34.9137,132.9123,340,100,L,HIROSHIMAKEN,KiK-net11A,,,N.KTWH,2000/08/14
HRSH07,,KURE,34.2883,132.6411,230,102,L,HIROSHIMAKEN,KiK-net11A,,,N.KURH,2000/08/14
HRSH08,,SAIKI,34.3935,132.1611,350,100,L,HIROSHIMAKEN,KiK-net11A,,,N.SKIH,2000/08/14
HRSH09,g,KISA,34.7016,132.9524,350,115,L,HIROSHIMAKEN,KiK-net11A,,,N.KSAH,2000/08/14
HRSH10,|k,GEIHOKU,34.7471,132.3794,712,100,L,HIROSHIMAKEN,KiK-net11A,,,N.GEIH,2000/08/14
HRSH11,_,JINSEKI,34.8225,133.1674,590,100,L,HIROSHIMAKEN,KiK-net18,,,N.JNSH,2000/11/01
HRSH12,L,HIROSHIMA,34.5810,132.4295,360,150,L,HIROSHIMAKEN,KiK-net11C,,,N.HRSH,2000/11/01
HRSH13,L,HIROSHIMA-S,34.4122,132.3907,150,200,L,HIROSHIMAKEN,KiK-net18,,,N.HISH,2002/03/23
HRSH14,,OKIMI,34.2090,132.4063,40,100,L,HIROSHIMAKEN,KiK-net18,,,N.OKMH,2002/03/20
HRSH15,q,KURAHASHI,34.1161,132.5053,180,100,L,HIROSHIMAKEN,KiK-net18,,,N.KRHH,2002/04/02
HRSH16,gc,YOSHIDA,34.6629,132.6689,280,100,L,HIROSHIMAKEN,KiK-net11C,,,N.YSHH,2002/03/01
HRSH17,ˉ͓,TOGOUCHI,34.5716,132.2326,265,102,L,HIROSHIMAKEN,KiK-net11C,,,N.TGUH,2002/04/02
HRSH18,L,HIGASHIHIROSHIMA,34.4572,132.7923,235,100,L,HIROSHIMAKEN,KiK-net11C,,,N.HHIH,2002/03/01
HYGH01,O,MIHARA,34.2937,134.7941,65,102,Ɍ,HYOGOKEN,KiK-net11A,,,N.MHRH,2000/08/14
HYGH02,,NANKOU,35.0671,134.4234,205,103,Ɍ,HYOGOKEN,KiK-net11A,,,N.NKOH,2000/08/14
HYGH03,g,HAGA,35.2193,134.5237,365,100,Ɍ,HYOGOKEN,KiK-net11A,,,N.HAGH,2000/08/14
HYGH04,R,SASAYAMA,35.0708,135.2811,218,100,Ɍ,HYOGOKEN,KiK-net11A,,,N.SSYH,2000/08/14
HYGH05,S,KAMIGORI,34.8995,134.3284,80,100,Ɍ,HYOGOKEN,KiK-net11A,,,N.KMGH,2000/08/14
HYGH06,,AIOI,34.7935,134.4792,65,200,Ɍ,HYOGOKEN,KiK-net11A,,,N.AIOH,2000/08/14
HYGH07,O,YUMESAKI,35.0322,134.6701,160,100,Ɍ,HYOGOKEN,KiK-net11A,,,N.YMSH,2000/08/14
HYGH08,,KAMI,35.1010,134.9036,160,110,Ɍ,HYOGOKEN,KiK-net11A,,,N.KAMH,2000/08/14
HYGH09,,TOJO,34.9082,135.0844,140,100,Ɍ,HYOGOKEN,KiK-net11A,,,N.TJOH,2000/08/14
HYGH10,Ð,KAKOGAWA,34.8164,134.8078,18,100,Ɍ,HYOGOKEN,KiK-net11A,,,N.KKGH,2000/08/14
HYGH11,R,SANTO,35.2925,134.9071,180,200,Ɍ,HYOGOKEN,KiK-net11A,,,N.SNTH,2000/08/14
HYGH12,V{,SHINGU,34.9313,134.5423,70,100,Ɍ,HYOGOKEN,KiK-net11A,,,N.SGUH,2000/08/14
HYGH13,Z,KASUMI,35.6208,134.6566,230,100,Ɍ,HYOGOKEN,KiK-net18,,,N.KSMH,2000/12/04
HYGH14,o,IZUSHI,35.4574,134.8621,15,102,Ɍ,HYOGOKEN,KiK-net18,,,N.IZSH,2000/12/04
HYGH15,,MURAOKA,35.4697,134.5953,225,100,Ɍ,HYOGOKEN,KiK-net18,,,N.MROH,2002/04/04
HYMH01,kwR,KITAHIYAMA,42.4851,139.9678,167,112,kC,HOKKAIDO,KiK-net06,,,N.KHYH,2000/12/19
HYMH02,,ASSABU,41.9856,140.3087,85,101,kC,HOKKAIDO,KiK-net18,,,N.ASBH,2000/12/04
HYMH03,F,KUMAISHI,42.1344,140.0040,70,100,kC,HOKKAIDO,KiK-net11C,,,N.KUMH,2000/12/25
IBRH06,k2,KITAIBARAKI2,36.8809,140.6545,395,100,錧,IBARAKIKEN,KiK-net11,,,N.KI2H,2013/02/15
IBRH07,]ˍ,EDOSAKI,35.9521,140.3301,3,1200,錧,IBARAKIKEN,KiK-net11A,,,N.EDSH,2002/12/01
IBRH08,m,TAIYO,36.1188,140.5621,40,1200,錧,IBARAKIKEN,KiK-net18,,,N.TYOH,2000/08/14
IBRH09,k,JOHOKU,36.4390,140.3559,50,106,錧,IBARAKIKEN,KiK-net11C,,,N.JHKH,2000/08/14
IBRH10,Ή,ISHIGE,36.1112,139.9889,15,900,錧,IBARAKIKEN,KiK-net11A,,,N.ISGH,2000/09/01
IBRH11,␣,IWASE,36.3701,140.1401,67,103,錧,IBARAKIKEN,KiK-net11A,,,N.IWSH,2000/08/14
IBRH12,q,DAIGO,36.8369,140.3181,210,200,錧,IBARAKIKEN,KiK-net11A,,,N.DGOH,2003/01/01
IBRH13,,TAKAHAGI,36.7955,140.5750,505,100,錧,IBARAKIKEN,KiK-net11,,,N.THGH,2003/01/01
IBRH14,\,JUO,36.6922,140.5484,330,100,錧,IBARAKIKEN,KiK-net11B,,,N.JUOH,2003/01/29
IBRH15,OR,GOZENYAMA,36.5566,140.3013,45,107,錧,IBARAKIKEN,KiK-net11B,,,N.GZNH,2003/01/30
IBRH16,R,YAMAGATA,36.6405,140.3976,90,300,錧,IBARAKIKEN,KiK-net11A,,,N.YMAH,2003/03/26
IBRH17,Y,KASUMIGAURA,36.0864,140.3140,20,510,錧,IBARAKIKEN,KiK-net11A,,,N.KGRH,2003/04/01
IBRH18,ЂȂ,HITACHINAKA,36.3631,140.6198,20,504,錧,IBARAKIKEN,KiK-net11A,,,N.HTKH,2003/05/23
IBRH19,,TSUKUBA,36.2137,140.0893,175,210,錧,IBARAKIKEN,KiK-net18,,,N.TSKH,2004/05/15
IBRH20,g2,HASAKI2,35.8284,140.7323,6,923,錧,IBARAKIKEN,KiK-net18,,,N.HA2H,2006/09/01
IBRH21,Γ,TSUKUBA-S,35.9814,140.1050,22,929,錧,IBARAKIKEN,KiK-net06,,,N.TBSH,2007/08/16
IBUH01,Ǖ,OIWAKE,42.8739,141.8191,60,101,kC,HOKKAIDO,KiK-net18,,,N.OIWH,2000/12/05
IBUH02,,HOBETSU,42.8714,142.1285,175,102,kC,HOKKAIDO,KiK-net11C,,,N.HOBH,2000/12/01
IBUH03,^,ATSUMA,42.6486,141.8641,10,153,kC,HOKKAIDO,KiK-net18,,,N.AMAH,2000/12/01
IBUH04,LY,TOYOURA,42.6415,140.6650,214,102,kC,HOKKAIDO,KiK-net18,,,N.TURH,2000/11/01
IBUH05,V,SHIRAOI,42.5629,141.3497,20,177,kC,HOKKAIDO,KiK-net18,,,N.SOIH,2000/12/01
IBUH06,,MURORAN,42.4116,141.0017,400,562,kC,HOKKAIDO,KiK-net11B,,,N.MRRH,2000/12/01
IBUH07,,OTAKI,42.6476,141.0643,350,200,kC,HOKKAIDO,KiK-net18,,,N.OHTH,2000/11/01
IKRH01,,TOBETSU,43.4087,141.5836,80,200,kC,HOKKAIDO,KiK-net11A,,,N.TOBH,2000/08/14
IKRH02,V,SHINSHINOTSU,43.2204,141.6523,10,127,kC,HOKKAIDO,KiK-net06,,,N.SSTH,2000/08/14
IKRH03,,CHITOSE,42.8880,141.6399,10,252,kC,HOKKAIDO,KiK-net11B,,,N.CTSH,2000/12/01
ISKH01,F,SUZU,37.5266,137.2844,48,200,ΐ쌧,ISHIKAWAKEN,KiK-net18,,,N.SUZH,2000/08/14
ISKH02,c,YANAGIDA,37.3644,137.0413,121,102,ΐ쌧,ISHIKAWAKEN,KiK-net11C,,,N.YGDH,2000/08/14
ISKH03,Y,UCHIURA,37.3458,137.2436,19,207,ΐ쌧,ISHIKAWAKEN,KiK-net18,,,N.UCUH,2000/08/14
ISKH04,x,TOGI,37.1902,136.7176,56,116,ΐ쌧,ISHIKAWAKEN,KiK-net11C,,,N.TGIH,2000/08/14
ISKH05,,ANAMIZU,37.2224,136.9689,56,105,ΐ쌧,ISHIKAWAKEN,KiK-net18,,,N.AMZH,2000/08/14
ISKH06,u,SHIKA,37.0533,136.8206,20,200,ΐ쌧,ISHIKAWAKEN,KiK-net11A,,,N.SHKH,2000/08/14
ISKH07,,KANAZAWA,36.5150,136.6357,103,802,ΐ쌧,ISHIKAWAKEN,KiK-net11A,,,N.KNZH,2000/08/14
ISKH08,Ô,TSUBATA,36.7380,136.7906,119,100,ΐ쌧,ISHIKAWAKEN,KiK-net18,,,N.TBTH,2000/08/14
ISKH09,,OGUCHI,36.2667,136.7168,560,106,ΐ쌧,ISHIKAWAKEN,KiK-net18,,,N.OKCH,2000/08/14
IWTH01,˓,NINOHE-E,40.2383,141.3423,230,200,茧,IWATEKEN,KiK-net11A,,,N.NHEH,2000/08/14
IWTH02,ʎR,TAMAYAMA,39.8250,141.3826,675,102,茧,IWATEKEN,KiK-net11A,,,N.TMYH,2000/08/14
IWTH03,,IWAIZUMI,39.8020,141.6520,310,100,茧,IWATEKEN,KiK-net11C,,,N.IWZH,2000/08/14
IWTH04,Zc,SUMITA,39.1809,141.3909,620,106,茧,IWATEKEN,KiK-net18,,,N.SMTH,2000/08/14
IWTH05,,FUJISAWA,38.8654,141.3512,120,100,茧,IWATEKEN,KiK-net11A,,,N.FSWH,2000/08/14
IWTH06,ː,NINOHE-W,40.2611,141.1709,225,100,茧,IWATEKEN,KiK-net18,,,N.NHWH,2000/08/14
IWTH07,y,KARUMAI,40.2705,141.5709,260,120,茧,IWATEKEN,KiK-net18,,,N.KRMH,2000/08/14
IWTH08,vk,KUJI-N,40.2686,141.7831,175,100,茧,IWATEKEN,KiK-net11A,,,N.KJNH,2000/08/14
IWTH09,v,KUJI-S,40.0861,141.7120,240,100,茧,IWATEKEN,KiK-net06,,,N.KJSH,2000/08/14
IWTH10,,ASHIRO,40.1391,140.9529,308,100,茧,IWATEKEN,KiK-net11,,,N.ASRH,2000/08/14
IWTH11,,ICHINOHE,40.0811,141.1915,629,300,茧,IWATEKEN,KiK-net06,,,N.IHEH,2000/08/14
IWTH12,,KUNOHE,40.1533,141.4245,365,100,茧,IWATEKEN,KiK-net18,,,N.KHEH,2000/08/14
IWTH13,,KUZUMAKI,39.9398,141.5492,570,117,茧,IWATEKEN,KiK-net11,,,N.KZMH,2000/08/14
IWTH14,cV,TARO,39.7435,141.9087,200,100,茧,IWATEKEN,KiK-net11A,,,N.TROH,2000/08/14
IWTH15,,YAHABA,39.6148,141.0929,195,122,茧,IWATEKEN,KiK-net06,,,N.YHBH,2000/08/14
IWTH16,,SHIZUKUISHI,39.6436,140.9465,212,150,茧,IWATEKEN,KiK-net11A,,,N.SZKH,2000/08/14
IWTH17,k,KAWAI-N,39.6442,141.5977,305,103,茧,IWATEKEN,KiK-net11C,,,N.KANH,2000/08/14
IWTH18,,KAWAI-S,39.4630,141.6775,552,100,茧,IWATEKEN,KiK-net06,,,N.KASH,2000/08/14
IWTH19,Ԋk,HANAMAKI-N,39.4559,141.0001,220,101,茧,IWATEKEN,KiK-net11A,,,N.HMNH,2000/08/14
IWTH20,Ԋ,HANAMAKI-S,39.3434,141.0473,106,156,茧,IWATEKEN,KiK-net11C,,,N.HMSH,2000/08/14
IWTH21,Rc,YAMADA,39.4734,141.9336,13,100,茧,IWATEKEN,KiK-net11C,,,N.YMDH,2000/08/14
IWTH22,a,TOWA,39.3340,141.3015,260,100,茧,IWATEKEN,KiK-net11A,,,N.TOUH,2000/08/14
IWTH23,,KAMAISHI,39.2741,141.8233,44,103,茧,IWATEKEN,KiK-net11A,,,N.KMIH,2000/08/14
IWTH24,,KANEGASAKI,39.1979,141.0118,200,150,茧,IWATEKEN,KiK-net11C,,,N.KGSH,2000/08/14
IWTH25,֐,ICHINOSEKI-W,39.0092,140.8638,386,260,茧,IWATEKEN,---,x~,suspension,N.ICWH,2000/08/14
IWTH26,֓,ICHINOSEKI-E,38.9690,141.0013,125,108,茧,IWATEKEN,KiK-net11C,,,N.ICEH,2000/08/14
IWTH27,Oc,RIKUZENTAKATA,39.0307,141.5320,80,100,茧,IWATEKEN,KiK-net11C,,,N.RZTH,2000/08/14
IWTH28,֐2,ICHINOSEKI-W2,39.0094,140.8640,380,263,茧,IWATEKEN,KiK-net11A,,,N.IW2H,2011/03/03
KGSH01,,NAGASHIMA,32.1554,130.1191,15,202,,KAGOSHIMAKEN,KiK-net11C,,,N.NSMH,2000/08/14
KGSH02,v,AKUNE,31.9940,130.2077,41,202,,KAGOSHIMAKEN,KiK-net06,,,N.AKNH,2000/08/14
KGSH03,{V,MIYANOJO,31.9812,130.4438,110,100,,KAGOSHIMAKEN,KiK-net06,,,N.MYJH,2000/08/14
KGSH04,,SENDAI,31.8374,130.3602,14,100,,KAGOSHIMAKEN,KiK-net11C,,,N.SENH,2000/08/14
KGSH05,V@,KEDOIN,31.8699,130.4958,73,107,,KAGOSHIMAKEN,KiK-net18,,,N.KDIH,2000/08/14
KGSH06,SR,KORIYAMA,31.6988,130.4594,131,203,,KAGOSHIMAKEN,KiK-net06,,,N.KORH,2000/08/14
KGSH07,,AIRA,31.7140,130.6149,6,302,,KAGOSHIMAKEN,KiK-net11C,,,N.AIRH,2000/08/14
KGSH08,,OHSUMI,31.5618,130.9969,97,150,,KAGOSHIMAKEN,KiK-net06,,,N.OSUH,2000/08/14
KGSH09,m,CHIRAN,31.3741,130.4333,119,100,,KAGOSHIMAKEN,KiK-net11C,,,N.CRNH,2000/08/14
KGSH10,R,YAMAGAWA,31.2066,130.6183,81,203,,KAGOSHIMAKEN,KiK-net18,,,N.YKWH,2000/08/14
KGSH11,,SATA,31.0899,130.6990,87,200,,KAGOSHIMAKEN,KiK-net11C,,,N.SATH,2000/08/14
KGSH12,VY,UCHINOURA,31.2583,131.0877,265,150,,KAGOSHIMAKEN,KiK-net11C,,,N.UCNH,2000/12/07
KGSH13,,KANOYA,31.4005,130.8541,40,101,,KAGOSHIMAKEN,KiK-net18,,,N.KYAH,2002/03/28
KGWH01,,AYAKAMI,34.2186,133.9493,90,117,쌧,KAGAWAKEN,KiK-net11A,,,N.AYKH,2000/08/14
KGWH02,O,MINO,34.1980,133.7081,5,200,쌧,KAGAWAKEN,KiK-net11A,,,N.MNOH,2000/08/14
KGWH03,O,MIKI,34.2700,134.1482,50,100,쌧,KAGAWAKEN,KiK-net11A,,,N.MKIH,2002/03/01
KGWH04,,OHCHI,34.2264,134.3043,35,105,쌧,KAGAWAKEN,KiK-net11B,,,N.OHCH,2002/03/01
KGWH05,C,UCHINOMI,34.4572,134.3241,20,433,쌧,KAGAWAKEN,KiK-net11B,,,N.UUMH,2004/03/02
KKWH01,[k,BIFUKA-N,44.5973,142.3036,61,111,kC,HOKKAIDO,KiK-net06,,,N.BFNH,2000/08/14
KKWH02,[,BIFUKA-E,44.5509,142.5736,283,112,kC,HOKKAIDO,KiK-net18,,,N.BFEH,2000/08/14
KKWH03,[,BIFUKA-W,44.4732,142.2725,100,100,kC,HOKKAIDO,KiK-net06,,,N.BFWH,2000/08/14
KKWH04,,NAYORO,44.4376,142.4056,84,100,kC,HOKKAIDO,KiK-net06,,,N.NYRH,2000/08/14
KKWH05,쐼,SHIMOKAWA-W,44.2921,142.6303,160,300,kC,HOKKAIDO,KiK-net06,,,N.SWWH,2000/08/14
KKWH06,쓌,SHIMOKAWA-E,44.3207,142.7656,200,100,kC,HOKKAIDO,KiK-net18,,,N.SWEH,2000/08/14
KKWH07,xǖ,FURANO,43.3697,142.3409,205,109,kC,HOKKAIDO,KiK-net06,,,N.FRNH,2000/08/14
KKWH08,芥,SHIMUKAPPU,43.0406,142.6562,569,100,kC,HOKKAIDO,KiK-net11B,,,N.SMPH,2000/08/14
KKWH09,Ўq{,OTOINEPPU,44.7745,142.2542,70,106,kC,HOKKAIDO,KiK-net18,,,N.ONPH,2000/12/25
KKWH10,,NAKAGAWA,44.6617,142.0528,65,105,kC,HOKKAIDO,KiK-net06,,,N.NAWH,2000/12/15
KKWH11,a,WASSAMU,43.9754,142.2834,195,105,kC,HOKKAIDO,KiK-net18,,,N.WSMH,2000/12/25
KKWH12,l,BIEI-E,43.5038,142.6006,450,207,kC,HOKKAIDO,KiK-net11B,,,N.BEEH,2001/01/12
KKWH13,l,BIEI-W,43.5113,142.3906,315,168,kC,HOKKAIDO,KiK-net11C,,,N.BEWH,2000/12/25
KKWH14,xǖ,NAKAFURANO,43.3841,142.5245,389,150,kC,HOKKAIDO,KiK-net18,,,N.NFRH,2000/12/01
KKWH15,,KAMIKAWA,43.8546,142.7656,340,148,kC,HOKKAIDO,KiK-net06,,,N.KKAH,2001/01/12
KMMH01,k,KAHOKU,33.1089,130.6949,75,100,F{,KUMAMOTOKEN,KiK-net11B,,,N.KHKH,2000/08/14
KMMH02,,OGUNI,33.1220,131.0629,430,124,F{,KUMAMOTOKEN,KiK-net11B,,,N.OGNH,2000/08/14
KMMH03,er,KIKUCHI,32.9984,130.8301,178,200,F{,KUMAMOTOKEN,KiK-net11B,,,N.KKCH,2000/08/14
KMMH04,h,ASO,32.9514,131.0199,475,127,F{,KUMAMOTOKEN,---,x~,suspension,N.ASVH,2000/08/14
KMMH05,g,NAMINO,32.9553,131.2207,693,100,F{,KUMAMOTOKEN,KiK-net11B,,,N.NMNH,2000/08/14
KMMH06,,HAKUSUI,32.8114,131.1010,492,111,F{,KUMAMOTOKEN,KiK-net11B,,,N.HKSH,2000/08/14
KMMH07,Op,MISUMI,32.6234,130.5584,22,300,F{,KUMAMOTOKEN,KiK-net11B,,,N.MSMH,2000/08/14
KMMH08,,YABE,32.6501,131.0251,450,103,F{,KUMAMOTOKEN,KiK-net11B,,,N.YABH,2000/08/14
KMMH09,,IZUMI,32.4901,130.9046,520,100,F{,KUMAMOTOKEN,KiK-net11B,,,N.IZMH,2000/08/14
KMMH10,Va,SHINWA,32.3151,130.1811,158,300,F{,KUMAMOTOKEN,KiK-net11B,,,N.SNWH,2000/08/14
KMMH11,k,ASHIKITA,32.2918,130.5777,100,300,F{,KUMAMOTOKEN,KiK-net11B,,,N.ASKH,2000/08/14
KMMH12,lg,HITOYOSHI,32.2054,130.7371,105,123,F{,KUMAMOTOKEN,KiK-net11B,,,N.HYOH,2000/08/14
KMMH13,,UE,32.2209,130.9096,175,177,F{,KUMAMOTOKEN,KiK-net11B,,,N.UWEH,2000/08/14
KMMH14,L,TOYONO,32.6345,130.7521,70,110,F{,KUMAMOTOKEN,KiK-net11B,,,N.TYNH,2000/12/25
KMMH15,,MINAMATA,32.1704,130.3647,15,110,F{,KUMAMOTOKEN,KiK-net11B,,,N.MMTH,2000/12/04
KMMH16,v,MASHIKI,32.7967,130.8199,55,252,F{,KUMAMOTOKEN,KiK-net11B,,,N.MSIH,2002/04/02
KMMH17,ʖ,TAMANA,32.9873,130.5608,55,100,F{,KUMAMOTOKEN,KiK-net11B,,,N.TMNH,2002/03/20
KMMH18,h2,ASO2,33.0031,131.0071,932,78,F{,KUMAMOTOKEN,KiK-net11B,,,N.AS2H,2018/11/04
KNGH10,l,YOKOHAMA,35.4991,139.5195,62,2000,_ސ쌧,KANAGAWAKEN,KiK-net06,,,N.YKHH,2003/03/01
KNGH11,,ATSUGI,35.4040,139.3539,12,1800,_ސ쌧,KANAGAWAKEN,KiK-net06,,,N.ATGH,2003/03/05
KNGH18,,FUJINO,35.6437,139.1283,320,100,_ސ쌧,KANAGAWAKEN,KiK-net11A,,,N.FJOH,2003/01/17
KNGH19,Rk,YAMAKITA-C,35.4173,139.0436,330,100,_ސ쌧,KANAGAWAKEN,KiK-net11A,,,N.YM2H,2003/01/21
KNGH20,c,MATSUDA,35.3663,139.1260,465,106,_ސ쌧,KANAGAWAKEN,KiK-net11A,,,N.MTDH,2003/01/24
KNGH21,,KIYOKAWA,35.4628,139.2146,455,210,_ސ쌧,KANAGAWAKEN,KiK-net11A,,,N.KIYH,2003/01/16
KNGH22,Rk,YAMAKITA-S,35.3583,139.0910,157,2000,_ސ쌧,KANAGAWAKEN,KiK-net06,,,N.YKSH,2006/11/08
KNGH23,tR,HAYAMA,35.2624,139.6110,102,100,_ސ쌧,KANAGAWAKEN,KiK-net11A,,,N.HYMH,2009/09/14
KOCH01,k,KITAGAWA,33.5421,134.1197,235,200,m,KOCHIKEN,KiK-net11A,,,N.KTGH,2000/08/14
KOCH02,k,GOHOKU,33.7079,133.3641,590,100,m,KOCHIKEN,KiK-net11A,,,N.GHKH,2000/08/14
KOCH03,吳,TAISHO,33.2683,132.9891,270,100,m,KOCHIKEN,KiK-net11A,,,N.TSYH,2000/08/14
KOCH04,匎,OTSUKI,32.8414,132.7066,55,100,m,KOCHIKEN,KiK-net11A,,,N.OOTH,2000/08/14
KOCH05,r,IKEKAWA,33.6472,133.1444,260,100,m,KOCHIKEN,KiK-net11A,,,N.IKKH,2000/08/14
KOCH06,,NAKAMURA,33.0754,132.9524,31,100,m,KOCHIKEN,KiK-net11A,,,N.NAKH,2000/08/14
KOCH07,{,SUSAKI,33.3920,133.2866,5,104,m,KOCHIKEN,KiK-net11A,,,N.SSKH,2000/12/05
KOCH08,y,TOSASHIMIZU,32.7797,132.9718,5,100,m,KOCHIKEN,KiK-net11B,,,N.TSSH,2002/04/02
KOCH09,k,KAHOKU,33.6748,133.8243,190,100,m,KOCHIKEN,KiK-net11B,,,N.KHUH,2002/03/19
KOCH10,ɖ,INO,33.5313,133.4388,10,101,m,KOCHIKEN,KiK-net11B,,,N.INOH,2002/04/04
KOCH11,,MUROTO,33.2866,134.1603,90,300,m,KOCHIKEN,KiK-net11B,,,N.MURH,2002/03/21
KOCH12,|,GEISEI,33.5294,133.8192,40,170,m,KOCHIKEN,KiK-net11B,,,N.GSIH,2004/03/09
KOCH13,{R,MOTOYAMA,33.7543,133.5760,250,152,m,KOCHIKEN,KiK-net11B,,,N.MTYH,2004/03/10
KSRH01,k,AKAN-N,43.4361,144.0844,431,106,kC,HOKKAIDO,KiK-net11B,,,N.ANNH,2000/08/14
KSRH02,,AKAN-S,43.1142,144.1230,30,105,kC,HOKKAIDO,KiK-net18,,,N.ANSH,2000/08/14
KSRH03,Wk,SHIBECHA-N,43.3848,144.6279,83,107,kC,HOKKAIDO,KiK-net18,,,N.SCNH,2000/08/14
KSRH04,W,SHIBECHA-S,43.2139,144.6804,30,240,kC,HOKKAIDO,KiK-net11A,,,N.SCSH,2000/08/14
KSRH05,ߋ,TSURUI-W,43.2556,144.2338,114,330,kC,HOKKAIDO,KiK-net18,,,N.TRWH,2000/08/14
KSRH06,ߋ,TSURUI-E,43.2200,144.4285,30,237,kC,HOKKAIDO,KiK-net18,,,N.TREH,2000/08/14
KSRH07,ߋ,TSURUI-S,43.1359,144.3274,38,222,kC,HOKKAIDO,KiK-net11B,,,N.TRSH,2000/08/14
KSRH08,fk,SHIRANUKA-N,43.1603,143.8936,174,100,kC,HOKKAIDO,KiK-net18,,,N.SNNH,2000/08/14
KSRH09,f,SHIRANUKA-S,42.9856,143.9841,27,100,kC,HOKKAIDO,KiK-net18,,,N.SNSH,2000/08/14
KSRH10,l,HAMANAKA,43.2084,145.1168,31,255,kC,HOKKAIDO,KiK-net11B,,,N.HNKH,2001/05/15
KYTH01,c,NODAGAWA,35.5243,135.1243,15,155,s{,KYOTOFU,KiK-net18,,,N.NDGH,2000/08/14
KYTH02,ɍ,INE,35.7101,135.2496,28,200,s{,KYOTOFU,KiK-net18,,,N.INEH,2000/08/14
KYTH03,mR,FUKUCHIYAMA,35.3130,135.1334,40,300,s{,KYOTOFU,KiK-net18,,,N.FKCH,2000/08/14
KYTH04,R,MIYAMA,35.2685,135.5508,190,100,s{,KYOTOFU,KiK-net18,,,N.MYMH,2000/08/14
KYTH05,Ԗ,AMINO,35.6814,135.0268,5,150,s{,KYOTOFU,KiK-net18,,,N.AMNH,2002/04/02
KYTH06,T,KAMEOKA,35.0469,135.4846,175,100,s{,KYOTOFU,KiK-net11A,,,N.KMEH,2002/04/04
KYTH07,vR,KUMIYAMA,34.8983,135.7461,11,800,s{,KYOTOFU,KiK-net18,,,N.KMMH,2004/03/30
KYTH08,s,KYOTO,35.0094,135.7304,32,704,s{,KYOTOFU,KiK-net18,,,N.KYTH,2006/10/05
MIEH01,ls,YOKKAICHI,34.9849,136.4563,290,140,Od,MIEKEN,KiK-net11A,,,N.YOKH,2000/08/14
MIEH02,Rc,OYAMADA,34.7662,136.2835,280,200,Od,MIEKEN,KiK-net11A,,,N.OYMH,2000/08/14
MIEH03,,URESHINO,34.5470,136.3692,280,100,Od,MIEKEN,KiK-net11A,,,N.URSH,2000/08/14
MIEH04,x,WATARAI,34.3532,136.5866,90,112,Od,MIEKEN,KiK-net11A,,,N.WATH,2000/08/14
MIEH05,h,OWASE,34.0637,136.1689,85,100,Od,MIEKEN,KiK-net11B,,,N.OWSH,2000/08/14
MIEH06,{,MIYAGAWA,34.3580,136.3293,129,100,Od,MIEKEN,KiK-net11B,,,N.MGWH,2000/08/14
MIEH07,u,SHIMA,34.2544,136.8216,10,207,Od,MIEKEN,KiK-net11B,,,N.SMAH,2000/08/14
MIEH08,,MATSUSAKA,34.5424,136.5033,35,150,Od,MIEKEN,KiK-net11B,,,N.MASH,2000/08/14
MIEH09,I,KIHO,33.7644,135.9969,90,100,Od,MIEKEN,KiK-net11B,,,N.KHOH,2000/08/14
MIEH10,|Z,GEINO,34.8224,136.4245,75,197,Od,MIEKEN,KiK-net11B,,,N.GNOH,2000/08/14
MYGH01,,SENDAI,38.2400,140.9969,2,1206,{錧,MIYAGIKEN,---,x~,suspension,N.SNDH,2000/08/14
MYGH02,q,NARUKO,38.8587,140.6513,345,203,{錧,MIYAGIKEN,KiK-net06,,,N.NRKH,2000/08/14
MYGH03,K,KARAKUWA,38.9207,141.6377,80,117,{錧,MIYAGIKEN,KiK-net11A,,,N.KKWH,2000/08/14
MYGH04,a,TOWA,38.7860,141.3254,35,100,{錧,MIYAGIKEN,KiK-net18,,,N.TOWH,2000/08/14
MYGH05,c,ONODA,38.5793,140.7804,59,337,{錧,MIYAGIKEN,KiK-net11A,,,N.ONDH,2000/08/14
MYGH06,cK,TAJIRI,38.5907,141.0710,20,100,{錧,MIYAGIKEN,KiK-net11C,,,N.TAJH,2000/08/14
MYGH07,,KAWASAKI,38.1802,140.6405,186,142,{錧,MIYAGIKEN,KiK-net11,,,N.KWSH,2000/08/14
MYGH08,,IWANUMA,38.1133,140.8441,10,100,{錧,MIYAGIKEN,KiK-net11C,,,N.IWNH,2000/08/14
MYGH09,,SHIROISHI,38.0091,140.6027,130,100,{錧,MIYAGIKEN,KiK-net11C,,,N.SISH,2000/08/14
MYGH10,R,YAMAMOTO,37.9411,140.8924,18,205,{錧,MIYAGIKEN,KiK-net11A,,,N.YMMH,2000/08/14
MYGH11,͖k,KAHOKU,38.5158,141.3421,5,207,{錧,MIYAGIKEN,KiK-net11C,,,N.KAKH,2001/01/01
MYGH12,uÐ,SHIZUGAWA,38.6416,141.4428,18,102,{錧,MIYAGIKEN,---,x~,suspension,N.SZGH,2001/01/01
MYGH13,O,MINAMISANRIKU,38.6993,141.4176,90,100,{錧,MIYAGIKEN,KiK-net11,,,N.MSRH,2012/12/17
MYGH14,{,RIFU,38.3400,140.9551,48,1034,{錧,MIYAGIKEN,KiK-net11,,,N.RIFH,2013/04/12
MYZH01,܃,GOKASE,32.6536,131.2257,605,103,{茧,MIYAZAKIKEN,KiK-net11B,,,N.GKSH,2000/08/14
MYZH02,k,KITAGAWA,32.6972,131.6829,20,210,{茧,MIYAZAKIKEN,KiK-net11C,,,N.KIGH,2000/08/14
MYZH03,ŗt,SHIIBA,32.4754,131.1043,519,200,{茧,MIYAZAKIKEN,KiK-net11B,,,N.SBAH,2000/08/14
MYZH04,,MOROTSUKA,32.5181,131.3349,250,100,{茧,MIYAZAKIKEN,KiK-net11C,,,N.MRTH,2000/08/14
MYZH05,싽,NANGO,32.3470,131.2668,353,100,{茧,MIYAZAKIKEN,KiK-net06,,,N.NANH,2000/08/14
MYZH06,,TOGO,32.3607,131.4643,100,100,{茧,MIYAZAKIKEN,KiK-net11C,,,N.TGOH,2000/08/14
MYZH07,ė,NISHIMERA,32.1987,131.1946,235,100,{茧,MIYAZAKIKEN,KiK-net18,,,N.NRAH,2000/08/14
MYZH08,,KAWAMINAMI,32.2132,131.5309,68,214,{茧,MIYAZAKIKEN,KiK-net06,,,N.KWMH,2000/08/14
MYZH09,{,SUKI,32.0421,131.0618,335,100,{茧,MIYAZAKIKEN,KiK-net11C,,,N.SUKH,2000/08/14
MYZH10,x,KUNITOMI,32.0215,131.2900,80,100,{茧,MIYAZAKIKEN,KiK-net06,,,N.KTMH,2000/08/14
MYZH11,y,SADOWARA,32.0208,131.4700,12,212,{茧,MIYAZAKIKEN,KiK-net11C,,,N.SDWH,2000/08/14
MYZH12,sk,MIYAKONOJO-N,31.8643,130.9454,525,101,{茧,MIYAZAKIKEN,KiK-net18,,,N.MJNH,2000/08/14
MYZH13,s,MIYAKONOJO-S,31.7301,131.0791,152,117,{茧,MIYAZAKIKEN,KiK-net11C,,,N.MJSH,2000/08/14
MYZH14,,NICHINAN,31.5649,131.3510,5,201,{茧,MIYAZAKIKEN,KiK-net18,,,N.NCNH,2000/08/14
MYZH15,,HYUGA,32.3654,131.5893,170,200,{茧,MIYAZAKIKEN,KiK-net11C,,,N.HYGH,2000/12/05
MYZH16,,NOBEOKA,32.5060,131.6958,2,100,{茧,MIYAZAKIKEN,KiK-net18,,,N.NOBH,2002/03/26
NARH01,\Ð쐼,TOTSUKAWA-W,33.9666,135.6489,780,99,ޗǌ,NARAKEN,KiK-net11A,,,N.TKWH,2000/08/14
NARH02,\Ð쓌,TOTSUKAWA-E,33.9692,135.8574,480,100,ޗǌ,NARAKEN,KiK-net11A,,,N.TKEH,2000/08/14
NARH03,,KAWAKAMI,34.2925,136.0022,358,101,ޗǌ,NARAKEN,KiK-net11A,,,N.KAWH,2000/08/14
NARH04,,KUROTAKI,34.3061,135.8369,387,101,ޗǌ,NARAKEN,KiK-net11A,,,N.KRTH,2000/08/14
NARH05,g,HIGASHIYOSHINO,34.4237,136.0294,390,101,ޗǌ,NARAKEN,KiK-net11A,,,N.HYSH,2000/08/14
NARH06,RY,YAMAZOE,34.6413,136.0512,277,101,ޗǌ,NARAKEN,KiK-net11A,,,N.YZEH,2000/08/14
NARH07,V,TENRI,34.5843,135.8541,130,100,ޗǌ,NARAKEN,KiK-net11B,,,N.TRIH,2002/04/09
NGNH03,q2,ACHI2,35.4786,137.7346,870,165,쌧,NAGANOKEN,KiK-net18,,,N.AC2H,2008/01/07
NGNH07,,NAKANO,36.7434,138.3760,378,200,쌧,NAGANOKEN,KiK-net18,,,N.NKNH,2000/08/14
NGNH08,O,MISATO,36.2541,137.8591,668,250,쌧,NAGANOKEN,KiK-net06,,,N.MSTH,2000/08/14
NGNH09,,TAKESHI,36.2859,138.2491,605,100,쌧,NAGANOKEN,KiK-net06,,,N.TKSH,2000/08/14
NGNH10,ؑc,KISO,35.9632,137.7669,960,104,쌧,NAGANOKEN,KiK-net18,,,N.KSOH,2000/08/14
NGNH11,xm,FUJIMI,35.9157,138.3052,1238,206,쌧,NAGANOKEN,KiK-net11C,,,N.FMIH,2000/08/14
NGNH12,q,MINAMIMAKI,35.9696,138.4797,1320,206,쌧,NAGANOKEN,KiK-net06,,,N.MMKH,2000/08/14
NGNH13,,TAKAGI,35.5143,137.8767,423,124,쌧,NAGANOKEN,KiK-net11C,,,N.TKGH,2000/08/14
NGNH14,J,HIRAYA,35.3095,137.6261,960,101,쌧,NAGANOKEN,KiK-net11C,,,N.HRYH,2000/08/14
NGNH15,C,TATSUNO,36.0088,137.9305,820,100,쌧,NAGANOKEN,KiK-net11C,,,N.TTNH,2001/02/01
NGNH16,,CHINO,35.9465,138.1848,870,247,쌧,NAGANOKEN,KiK-net11C,,,N.CHNH,2001/02/01
NGNH17,v,SAKU,36.1425,138.5504,860,100,쌧,NAGANOKEN,KiK-net11A,,,N.SAKH,2003/01/15
NGNH18,Jc,KAIDA,35.9324,137.5950,1150,100,쌧,NAGANOKEN,KiK-net06,,,N.KADH,2003/03/11
NGNH19,,KAWAKAMI,35.9735,138.5845,1190,115,쌧,NAGANOKEN,KiK-net06,,,N.KWKH,2003/01/17
NGNH20,㏼,AGEMATSU,35.7870,137.7173,895,100,쌧,NAGANOKEN,KiK-net18,,,N.AGMH,2002/12/19
NGNH21,ɓ,INA,35.8315,137.9236,770,180,쌧,NAGANOKEN,KiK-net11C,,,N.INHH,2003/01/16
NGNH22,J,HASE,35.7946,138.0824,820,100,쌧,NAGANOKEN,KiK-net06,,,N.HSEH,2003/01/15
NGNH23,ؑ],NAGISO,35.6056,137.6105,430,102,쌧,NAGANOKEN,KiK-net06,,,N.NGIH,2002/12/21
NGNH24,,MATSUKAWA,35.6152,137.8797,715,107,쌧,NAGANOKEN,KiK-net06,,,N.MTKH,2003/02/18
NGNH25,MZ,MINAMISHINANO,35.2986,137.9268,430,102,쌧,NAGANOKEN,KiK-net06,,,N.MSNH,2003/02/15
NGNH26,Rc,KAMIYAMADA,36.4663,138.1474,395,103,쌧,NAGANOKEN,KiK-net18,,,N.KMDH,2003/03/15
NGNH27,MBV,SHINSHUSHIN,36.5770,138.0479,505,102,쌧,NAGANOKEN,KiK-net06,,,N.SSSH,2003/03/14
NGNH28,ˉB,TOGAKUSHI,36.7075,138.0964,935,120,쌧,NAGANOKEN,KiK-net18,,,N.TGKH,2003/04/22
NGNH29,򉷐,NOZAWAONSEN,36.9102,138.4408,570,110,쌧,NAGANOKEN,KiK-net06,,,N.NZWH,2003/04/18
NGNH30,ސ,NAGAWA,36.0640,137.6849,1095,101,쌧,NAGANOKEN,KiK-net18,,,N.NGWH,2003/05/01
NGNH31,K,SHIOJIRI,36.1184,137.9389,720,218,쌧,NAGANOKEN,KiK-net11C,,,N.SOJH,2003/05/14
NGNH32,{,MATSUMOTO,36.2578,137.9898,640,100,쌧,NAGANOKEN,KiK-net06,,,N.MMOH,2003/05/06
NGNH33,,IKUSAKA,36.4598,137.9637,490,106,쌧,NAGANOKEN,KiK-net06,,,N.IKSH,2003/05/06
NGNH34,咬,OHMACHI-C,36.5327,137.8201,825,106,쌧,NAGANOKEN,KiK-net18,,,N.OM2H,2003/05/14
NGNH35,䍂,HOTAKA,36.3824,137.8201,720,105,쌧,NAGANOKEN,KiK-net11C,,,N.HOTH,2003/05/14
NGNH36,n,HAKUBA,36.6984,137.8482,725,629,쌧,NAGANOKEN,KiK-net06,,,N.HBAH,2004/05/20
NGNH37,c,MIYOTA,36.3308,138.4967,845,709,쌧,NAGANOKEN,KiK-net06,,,N.MYTH,2004/09/22
NGNH54,ѓc,IIDA,35.4489,138.0058,1168,104,쌧,NAGANOKEN,KiK-net06,,,N.IIDH,2009/03/24
NGSH01,,HIRADO,33.2116,129.4353,30,207,茧,NAGASAKIKEN,KiK-net18,,,N.HRDH,2000/08/14
NGSH02,ۖk,SASEBO-N,33.2122,129.7652,140,112,茧,NAGASAKIKEN,KiK-net18,,,N.SBNH,2000/08/14
NGSH03,ۓ,SASEBO-S,33.1256,129.8102,10,200,茧,NAGASAKIKEN,KiK-net18,,,N.SBSH,2000/08/14
NGSH04,ՊC,KINKAI,32.9553,129.8026,3,100,茧,NAGASAKIKEN,KiK-net18,,,N.KKIH,2000/08/14
NGSH05,,TAKAKI,32.9103,130.1408,29,200,茧,NAGASAKIKEN,KiK-net18,,,N.TKKH,2000/08/14
NGSH06,,NAGASAKI,32.6999,129.8625,155,200,茧,NAGASAKIKEN,KiK-net18,,,N.NGSH,2000/08/14
NIGH01,,NAGAOKA,37.4272,138.8876,85,100,V,NIIGATAKEN,KiK-net11A,,,N.NGOH,2000/08/14
NIGH02,,ASAHI,38.2799,139.5486,34,104,V,NIIGATAKEN,KiK-net18,,,N.AHIH,2000/08/14
NIGH03,r,ARAKAWA,38.1327,139.4289,6,221,V,NIIGATAKEN,KiK-net18,,,N.ARKH,2000/08/14
NIGH04,֐,SEKIKAWA,38.1313,139.5428,78,100,V,NIIGATAKEN,KiK-net18,,,N.SKWH,2000/08/14
NIGH05,,SEIRO,37.9759,139.2788,7,147,V,NIIGATAKEN,KiK-net18,,,N.SROH,2000/08/14
NIGH06,,KAMO,37.6527,139.0676,30,100,V,NIIGATAKEN,KiK-net18,,,N.KMOH,2000/08/14
NIGH07,,MURAMATSU,37.6658,139.2610,75,106,V,NIIGATAKEN,KiK-net18,,,N.MRMH,2000/08/14
NIGH08,Ð,TSUGAWA,37.6708,139.4648,68,300,V,NIIGATAKEN,KiK-net18,,,N.TWAH,2000/08/14
NIGH09,c,SHITADA,37.5386,139.1279,93,100,V,NIIGATAKEN,KiK-net18,,,N.STDH,2000/08/14
NIGH10,,KAMIKAWA,37.5438,139.3648,218,100,V,NIIGATAKEN,KiK-net18,,,N.KMKH,2000/11/09
NIGH11,쐼,KAWANISHI,37.1728,138.7440,165,205,V,NIIGATAKEN,KiK-net18,,,N.KWNH,2000/08/14
NIGH12,VJ,YUNOTANI,37.2239,138.9821,110,110,V,NIIGATAKEN,KiK-net11C,,,N.YNTH,2000/08/14
NIGH13,q,MAKI,37.0544,138.3966,230,100,V,NIIGATAKEN,KiK-net18,,,N.MAKH,2000/08/14
NIGH14,,SHIOZAWA,37.0303,138.8521,185,387,V,NIIGATAKEN,KiK-net18,,,N.SZWH,2000/08/14
NIGH15,Z,MUIKA,37.0533,138.9951,358,100,V,NIIGATAKEN,KiK-net18,,,N.MUIH,2000/08/14
NIGH16,,ITOIGAWA,36.9378,137.8480,149,100,V,NIIGATAKEN,KiK-net18,,,N.IGWH,2000/08/14
NIGH17,,MYOKO-KOGEN,36.8569,138.0966,1305,150,V,NIIGATAKEN,KiK-net18,,,N.MKGH,2000/12/01
NIGH18,,MYOKO,36.9425,138.2594,240,110,V,NIIGATAKEN,KiK-net18,,,N.MKOH,2000/08/14
NIGH19,,YUZAWA,36.8114,138.7849,985,100,V,NIIGATAKEN,KiK-net11C,,,N.YZWH,2000/08/14
NMRH01,WÖk,SHIBETSU-N,43.7850,145.0246,80,110,kC,HOKKAIDO,KiK-net18,,,N.STNH,2000/08/14
NMRH02,WÓ,SHIBETSU-S,43.6772,144.9618,165,103,kC,HOKKAIDO,KiK-net18,,,N.STSH,2000/08/14
NMRH03,W,NAKASHIBETSU,43.5508,144.9665,30,228,kC,HOKKAIDO,KiK-net11B,,,N.NSTH,2000/08/14
NMRH04,ʊC,BEKKAI-E,43.3978,145.1224,30,216,kC,HOKKAIDO,KiK-net11A,,,N.BKEH,2000/08/14
NMRH05,ʊC,BEKKAI-W,43.3900,144.8021,92,220,kC,HOKKAIDO,KiK-net18,,,N.BKWH,2000/08/14
OITH01,R,YAMAGUNI,33.4122,131.0326,249,200,啪,OITAKEN,KiK-net11B,,,N.YGNH,2000/08/14
OITH02,R,YAMAGA,33.4581,131.4429,165,100,啪,OITAKEN,KiK-net11B,,,N.YMGH,2000/08/14
OITH03,,AKI,33.4736,131.6856,35,400,啪,OITAKEN,KiK-net06,,,N.AKIH,2000/08/14
OITH04,,SHONAI,33.1306,131.3473,500,230,啪,OITAKEN,KiK-net11B,,,N.SNIH,2000/08/14
OITH05,Ì,NOTSUHARA,33.1525,131.5420,160,100,啪,OITAKEN,KiK-net11B,,,N.NTHH,2000/08/14
OITH06,|c,TAKETA,32.9726,131.3984,260,103,啪,OITAKEN,KiK-net11B,,,N.TAKH,2000/08/14
OITH07,Od,MIE,32.9870,131.5881,160,101,啪,OITAKEN,KiK-net11B,,,N.MIEH,2000/08/14
OITH08,Fڐ,UME-W,32.8392,131.5357,260,101,啪,OITAKEN,KiK-net11C,,,N.UMWH,2000/08/14
OITH09,Fړ,UME-E,32.8486,131.6786,190,100,啪,OITAKEN,KiK-net18,,,N.UMEH,2000/08/14
OITH10,,SAIKI,32.9278,131.8695,80,100,啪,OITAKEN,KiK-net11A,,,N.SIKH,2000/08/14
OITH11,d,KOKONOE,33.2844,131.2118,460,160,啪,OITAKEN,KiK-net11B,,,N.KKEH,2002/03/19
OKYH01,ʖ,TAMANO,34.5070,133.8905,10,201,R,OKAYAMAKEN,KiK-net11A,,,N.TAMH,2000/08/14
OKYH02,,SETO,34.7501,134.0702,30,200,R,OKAYAMAKEN,KiK-net11A,,,N.SETH,2000/08/14
OKYH03,R,OKAYAMA,34.7783,133.7890,100,201,R,OKAYAMAKEN,KiK-net11A,,,N.OKYH,2000/08/14
OKYH04,^,MABI,34.6429,133.6861,50,100,R,OKAYAMAKEN,KiK-net11A,,,N.MABH,2000/08/14
OKYH05,,TAKEBE,34.8684,133.8527,320,100,R,OKAYAMAKEN,KiK-net11A,,,N.TKBH,2000/08/14
OKYH06,,BISEI,34.6756,133.5283,385,100,R,OKAYAMAKEN,KiK-net11A,,,N.BSEH,2000/08/14
OKYH07,_,SHINGO,35.0493,133.3169,564,100,R,OKAYAMAKEN,KiK-net18,,,N.SGOH,2000/08/14
OKYH08,N,TETTA,34.9103,133.4055,430,100,R,OKAYAMAKEN,KiK-net11A,,,N.TTAH,2000/08/14
OKYH09,,YUBARA,35.1809,133.6765,405,100,R,OKAYAMAKEN,KiK-net11A,,,N.YBRH,2000/08/14
OKYH10,֌,KAMISAIBARA,35.2826,133.9263,495,200,R,OKAYAMAKEN,KiK-net11A,,,N.KSBH,2000/08/14
OKYH11,,SHOO,35.0732,134.1162,129,200,R,OKAYAMAKEN,KiK-net11A,,,N.SYOH,2000/08/14
OKYH12,匴,OHARA,35.0999,134.3190,280,200,R,OKAYAMAKEN,KiK-net11A,,,N.OHAH,2000/08/14
OKYH13,,HINASE,34.7283,134.2744,3,103,R,OKAYAMAKEN,KiK-net18,,,N.HNSH,2000/08/14
OKYH14,k[,HOKUBO,34.9363,133.6205,218,100,R,OKAYAMAKEN,KiK-net18,,,N.HKBH,2000/08/14
OSKH01,cK,TAJIRI,34.3977,135.2836,5,1505,{,OSAKAFU,KiK-net18,,,N.TJRH,2000/08/14
OSKH02,,KONOHANA,34.6628,135.3896,7,2008,{,OSAKAFU,KiK-net11A,,,N.KNHH,2000/08/14
OSKH03,q,TAISHI,34.5248,135.6608,129,100,{,OSAKAFU,KiK-net11A,,,N.TISH,2000/08/14
OSKH04,,KATANO,34.7630,135.7052,240,200,{,OSAKAFU,KiK-net11A,,,N.KTNH,2000/08/14
OSKH05,,OSAKA,34.7159,135.5199,1,982,{,OSAKAFU,KiK-net06,,,N.OSKH,2006/08/29
OSMH01,m,SHIRIUCHI,41.5977,140.4207,5,150,kC,HOKKAIDO,KiK-net18,,,N.SRUH,2000/12/04
OSMH02,,KAMIISO,41.8374,140.6331,10,360,kC,HOKKAIDO,KiK-net11A,,,N.KAIH,2000/12/05
RMIH01,y,HORONOBE,45.0167,142.0795,30,100,kC,HOKKAIDO,KiK-net18,,,N.HNBH,2000/08/14
RMIH02,V,TESHIO,44.8948,141.9251,10,107,kC,HOKKAIDO,KiK-net06,,,N.TSOH,2000/08/14
RMIH03,,EMBETSU,44.6359,141.8187,20,209,kC,HOKKAIDO,KiK-net06,,,N.EBTH,2000/08/14
RMIH04,,OBIRA-E,44.0974,141.9621,102,100,kC,HOKKAIDO,KiK-net18,,,N.OREH,2000/08/14
RMIH05,,OBIRA-W,44.0254,141.7876,21,105,kC,HOKKAIDO,KiK-net18,,,N.ORWH,2000/08/14
SAGH01,,CHINZEI,33.5080,129.8877,118,200,ꌧ,SAGAKEN,KiK-net18,,,N.CZEH,2000/08/14
SAGH02,ɖ,IMARI,33.2656,129.8798,31,102,ꌧ,SAGAKEN,KiK-net11A,,,N.IMRH,2000/08/14
SAGH03,xm,FUJI,33.4098,130.2329,375,103,ꌧ,SAGAKEN,KiK-net18,,,N.FJIH,2000/08/14
SAGH04,ҐU,HIGASHISEFURI,33.3654,130.4046,55,200,ꌧ,SAGAKEN,KiK-net18,,,N.HSFH,2000/08/14
SAGH05,,SHIROISHI,33.1806,130.1046,18,203,ꌧ,SAGAKEN,KiK-net18,,,N.SRIH,2000/08/14
SBSH01,Õ,FURUBIRA,43.2341,140.6228,28,100,kC,HOKKAIDO,KiK-net18,,,N.FBRH,2000/11/01
SBSH02,,TOMARI,43.0527,140.5017,25,100,kC,HOKKAIDO,KiK-net18,,,N.TOMH,2000/11/01
SBSH03,Ԉ,AKAIGAWA,43.0842,140.8199,145,220,kC,HOKKAIDO,KiK-net11B,,,N.AGWH,2000/11/01
SBSH04,a,KYOWA,42.9758,140.6219,20,200,kC,HOKKAIDO,KiK-net18,,,N.KYOH,2000/11/01
SBSH05,m,KUCCHAN,42.9500,140.8223,240,100,kC,HOKKAIDO,KiK-net18,,,N.CCNH,2001/01/12
SBSH06,z,RANKOSHI,42.8309,140.4831,39,130,kC,HOKKAIDO,KiK-net18,,,N.RNKH,2000/11/01
SBSH07,^,MAKKARI,42.7630,140.8084,228,100,kC,HOKKAIDO,KiK-net18,,,N.MKRH,2000/11/01
SBSH08,Ε,KIMOBETSU,42.7680,140.9766,285,100,kC,HOKKAIDO,KiK-net18,,,N.KMBH,2000/11/01
SBSH09,,KUROMATSUNAI,42.6104,140.4841,140,100,kC,HOKKAIDO,KiK-net11B,,,N.KMNH,2001/01/12
SBSH10,q,SHIMAMAKI,42.7797,140.1557,32,100,kC,HOKKAIDO,KiK-net11B,,,N.SMMH,2000/12/19
SIGH01,,TAGA,35.2383,136.3599,610,100,ꌧ,SHIGAKEN,KiK-net06,,,N.TAGH,2000/08/14
SIGH02,,OHTSU,35.2482,135.8671,305,100,ꌧ,SHIGAKEN,KiK-net11A,,,N.OTUH,2000/08/14
SIGH03,My,SHIGARAKI,34.8530,136.0316,360,200,ꌧ,SHIGAKEN,KiK-net11A,,,N.SGRH,2000/08/14
SIGH04,,HINO,34.9638,136.2610,320,200,ꌧ,SHIGAKEN,KiK-net11A,,,N.HNOH,2000/08/14
SITH01,,IWATSUKI,35.9290,139.7349,8,3510,ʌ,SAITAMAKEN,KiK-net11A,,,N.IWTH,2008/03/21
SITH03,,HIDAKA,35.8990,139.3843,51,1800,ʌ,SAITAMAKEN,KiK-net06,,,N.HDKH,2002/12/01
SITH04,,TOKOROZAWA,35.8028,139.5353,30,2000,ʌ,SAITAMAKEN,KiK-net06,,,N.TKRH,2002/12/01
SITH05,_,KAMIIZUMI,36.1509,139.0504,150,100,ʌ,SAITAMAKEN,KiK-net11A,,,N.KIZH,2000/08/14
SITH06,{,KAWAMOTO,36.1131,139.2894,80,200,ʌ,SAITAMAKEN,KiK-net11A,,,N.KWTH,2000/09/01
SITH07,I,NAGURI,35.9118,139.1485,340,102,ʌ,SAITAMAKEN,KiK-net11B,,,N.NGRH,2001/01/01
SITH08,,OGANO,36.0274,138.9691,295,100,ʌ,SAITAMAKEN,KiK-net11A,,,N.OGOH,2002/12/17
SITH09,F,MINANO,36.0715,139.0993,165,122,ʌ,SAITAMAKEN,KiK-net11B,,,N.MNAH,2002/12/01
SITH10,s,TOKIGAWA,35.9964,139.2191,180,102,ʌ,SAITAMAKEN,---,x~,suspension,N.TOIH,2002/12/10
SITH11,є\,HANNO,35.8637,139.2726,155,102,ʌ,SAITAMAKEN,KiK-net11A,,,N.HHNH,2002/12/20
SITH12,s2,TOKIGAWA2,35.9969,139.2194,182,100,ʌ,SAITAMAKEN,KiK-net18,,,N.TO2H,2021/03/17
SMNH01,,HAKUTA,35.2963,133.2604,170,101,,SHIMANEKEN,KiK-net11A,,,N.HKTH,2000/08/14
SMNH02,m,NITA,35.2235,133.0856,340,101,,SHIMANEKEN,KiK-net11A,,,N.NITH,2000/08/14
SMNH03,c,SADA,35.2243,132.7223,110,101,,SHIMANEKEN,KiK-net11A,,,N.SDAH,2000/08/14
SMNH04,Wq,OCHI,35.0918,132.5308,240,101,,SHIMANEKEN,KiK-net11A,,,N.OOCH,2000/08/14
SMNH05,H{,HASUMI,34.8697,132.6396,165,101,,SHIMANEKEN,KiK-net11A,,,N.HSMH,2000/08/14
SMNH06,,KANAGI,34.8839,132.2026,260,201,,SHIMANEKEN,KiK-net11A,,,N.KNGH,2000/08/14
SMNH07,s,MITO,34.6940,132.0402,290,209,,SHIMANEKEN,KiK-net06,,,N.MITH,2000/08/14
SMNH08,Ό,IWAMI,34.8801,132.4208,300,100,,SHIMANEKEN,KiK-net11A,,,N.IWAH,2000/08/14
SMNH09,C,HIKIMI,34.5725,132.0122,260,200,,SHIMANEKEN,KiK-net11A,,,N.HIKH,2000/08/14
SMNH10,ۊ,MIHONOSEKI,35.5579,133.3004,9,200,,SHIMANEKEN,KiK-net06,,,N.MHSH,2000/08/14
SMNH11,c,HIRATA,35.4259,132.8008,30,200,,SHIMANEKEN,KiK-net06,,,N.HIRH,2000/08/14
SMNH12,gc,YOSHIDA,35.1634,132.8558,380,101,,SHIMANEKEN,KiK-net06,,,N.YSDH,2000/08/14
SMNH13,],GOTSU,35.0087,132.3069,100,100,,SHIMANEKEN,KiK-net06,,,N.GOTH,2000/08/14
SMNH14,Zs,MUIKAMACHI,34.3904,131.8925,249,100,,SHIMANEKEN,KiK-net06,,,N.MICH,2000/08/14
SMNH15,,KASHIMA,35.5232,133.0226,20,102,,SHIMANEKEN,KiK-net11A,,,N.KSIH,2002/03/19
SMNH16,,KAMO,35.3422,132.8989,46,100,,SHIMANEKEN,KiK-net06,,,N.KACH,2002/03/14
SOYH01,k,SARUFUTSU-N,45.3346,142.1185,20,100,kC,HOKKAIDO,KiK-net11A,,,N.SFNH,2000/08/14
SOYH02,,SARUFUTSU-S,45.2163,142.2254,5,100,kC,HOKKAIDO,KiK-net18,,,N.SFSH,2000/08/14
SOYH03,t,WAKKANAI-W,45.2531,141.6334,8,137,kC,HOKKAIDO,KiK-net18,,,N.WNWH,2000/08/14
SOYH04,t,WAKKANAI-E,45.2303,141.8806,30,203,kC,HOKKAIDO,KiK-net06,,,N.WNEH,2000/08/14
SOYH05,tk,WAKKANAI-N,45.4883,141.8850,45,202,kC,HOKKAIDO,KiK-net11C,,,N.WNNH,2000/12/15
SOYH06,Lx,TOYOTOMI,45.1019,141.7834,15,135,kC,HOKKAIDO,KiK-net11A,,,N.TYTH,2000/12/14
SOYH07,lڕ,HAMATOMBETSU,45.1001,142.4307,7,150,kC,HOKKAIDO,KiK-net18,,,N.HTBH,2000/12/15
SOYH08,ڕ,NAKATOMBETSU,44.9387,142.2247,40,100,kC,HOKKAIDO,KiK-net06,,,N.NTBH,2001/05/15
SOYH09,̓ok,UTANOBORI-N,44.8570,142.4868,20,100,kC,HOKKAIDO,KiK-net11C,,,N.UNNH,2000/12/14
SOYH10,̓o,UTANOBORI-S,44.7433,142.6039,73,100,kC,HOKKAIDO,KiK-net06,,,N.UNSH,2001/05/29
SRCH01,yk,HOROKANAI-N,44.2803,142.1594,260,100,kC,HOKKAIDO,KiK-net18,,,N.HONH,2000/08/14
SRCH02,y,HOROKANAI-C,44.1160,142.1414,200,100,kC,HOKKAIDO,KiK-net06,,,N.HOCH,2000/08/14
SRCH03,y,HOROKANAI-S,43.9994,142.1258,155,100,kC,HOKKAIDO,KiK-net06,,,N.HOSH,2000/08/14
SRCH04,c,NUMATA,43.8203,141.9397,100,105,kC,HOKKAIDO,KiK-net06,,,N.NUMH,2000/08/14
SRCH05,[k,FUKAGAWA-N,43.8243,142.1594,200,102,kC,HOKKAIDO,KiK-net18,,,N.FGNH,2000/09/06
SRCH06,[,FUKAGAWA-S,43.6948,142.0776,80,147,kC,HOKKAIDO,KiK-net11A,,,N.FGSH,2000/08/14
SRCH07,O},MIKASA,43.2300,141.8978,75,200,kC,HOKKAIDO,KiK-net11B,,,N.MSAH,2000/08/14
SRCH08,,SUNAGAWA,43.5138,141.9090,30,122,kC,HOKKAIDO,KiK-net18,,,N.SUGH,2001/01/15
SRCH09,IR,KURIYAMA,43.0587,141.8063,30,122,kC,HOKKAIDO,KiK-net18,,,N.KYMH,2000/12/01
SRCH10,[,YUBARI,42.9930,142.0085,195,200,kC,HOKKAIDO,KiK-net18,,,N.YUBH,2001/01/15
SZOH21,X,MORI,34.8601,137.9426,58,197,É,SHIZUOKAKEN,KiK-net06,,,N.MRIH,2002/03/21
SZOH22,,KUROMATA,35.0332,138.1979,223,178,É,SHIZUOKAKEN,KiK-net06,,,N.KMTH,2002/03/20
SZOH24,,INASA,34.8343,137.6616,19,300,É,SHIZUOKAKEN,KiK-net11B,,,N.INSH,2002/05/23
SZOH25,V,ARAI,34.6913,137.5604,6,450,É,SHIZUOKAKEN,KiK-net11A,,,N.ARIH,2002/05/31
SZOH26,܈,FUKUROI,34.7948,137.9034,23,450,É,SHIZUOKAKEN,KiK-net18,,,N.FKRH,2002/05/28
SZOH28,l,HAMAMATSU,34.6683,137.7441,5,996,É,SHIZUOKAKEN,KiK-net11A,,,N.HMMH,2003/04/10
SZOH29,Ék,SHIZUOKA-N,35.3070,138.1973,880,102,É,SHIZUOKAKEN,KiK-net11A,,,N.SONH,2003/02/18
SZOH30,Ek,MISAKUBO-N,35.2233,137.9181,540,102,É,SHIZUOKAKEN,KiK-net11B,,,N.MS2H,2003/02/25
SZOH31,썪,KAWANE,34.9398,138.0767,145,102,É,SHIZUOKAKEN,KiK-net18,,,N.KNEH,2003/02/15
SZOH32,R,TATSUYAMA-E,35.0086,137.8409,325,103,É,SHIZUOKAKEN,KiK-net11B,,,N.TT2H,2003/02/28
SZOH33,É,SHIZUOKA-S,35.0146,138.3526,50,102,É,SHIZUOKAKEN,KiK-net11B,,,N.SOSH,2003/02/25
SZOH34,k,SHIMIZU-N,35.1304,138.4243,540,118,É,SHIZUOKAKEN,KiK-net11B,,,N.SZUH,2003/02/18
SZOH35,ɓ,ITO-C,34.9467,139.0855,140,300,É,SHIZUOKAKEN,KiK-net11A,,,N.ITHH,2003/02/18
SZOH36,},FUJIEDA,34.9142,138.2008,90,100,É,SHIZUOKAKEN,KiK-net06,,,N.FJEH,2003/02/22
SZOH37,Ő,SHIBAKAWA,35.2028,138.5659,80,304,É,SHIZUOKAKEN,KiK-net11A,,,N.SBKH,2003/02/08
SZOH38,,KANNAMI,35.0854,138.9779,100,200,É,SHIZUOKAKEN,KiK-net11A,,,N.KNIH,2003/02/08
SZOH39,ɓ,NISHIIZU-W,34.7988,138.7724,130,103,É,SHIZUOKAKEN,KiK-net06,,,N.NS2H,2003/01/25
SZOH40,͒,KAWAZU,34.7832,138.9700,235,207,É,SHIZUOKAKEN,KiK-net11A,,,N.KWZH,2003/03/11
SZOH41,ɓ,MINAMIIZU,34.6749,138.8340,60,109,É,SHIZUOKAKEN,KiK-net18,,,N.MIZH,2003/01/21
SZOH42,CP,SHUZENJI,34.9756,138.9128,250,203,É,SHIZUOKAKEN,KiK-net11A,,,N.SZJH,2003/04/01
SZOH43,,SHIMIZU-S,34.9739,138.4924,20,239,É,SHIZUOKAKEN,KiK-net11A,,,N.SMSH,2003/05/16
SZOH53,|3,KAKEGAWA3,34.8768,138.0174,182,100,É,SHIZUOKA KEN,KiK-net11B,,,N.KG3H,2011/02/15
SZOH54,2,HATSUSHIMA2,35.0417,139.1685,20,110,É,SHIZUOKA KEN,KiK-net06,,,N.HT2H,2011/03/31
TCGH06,^,MOKA,36.4458,139.9509,70,1648,Ȗ،,TOCHIGIKEN,KiK-net06,,,N.MOKH,2003/01/01
TCGH07,IR,KURIYAMA-W,36.8817,139.4534,1085,100,Ȗ،,TOCHIGIKEN,KiK-net11B,,,N.KYWH,2000/08/14
TCGH08,IR,KURIYAMA-E,36.8828,139.6459,702,203,Ȗ،,TOCHIGIKEN,KiK-net11A,,,N.KYEH,2000/08/14
TCGH09,,YAITA,36.8625,139.8364,564,103,Ȗ،,TOCHIGIKEN,KiK-net11C,,,N.YITH,2000/08/14
TCGH10,c,OTAWARA,36.8578,140.0225,203,132,Ȗ،,TOCHIGIKEN,---,x~,suspension,N.OTWH,2000/08/14
TCGH11,s,IMAICHI,36.7084,139.7694,290,200,Ȗ،,TOCHIGIKEN,KiK-net11A,,,N.IICH,2000/08/14
TCGH12,,UJIIE,36.6959,139.9842,162,120,Ȗ،,TOCHIGIKEN,KiK-net11C,,,N.UJEH,2000/08/14
TCGH13,n,BATO,36.7342,140.1781,135,140,Ȗ،,TOCHIGIKEN,KiK-net11C,,,N.BTOH,2000/08/14
TCGH14,,AWANO,36.5509,139.6154,180,100,Ȗ،,TOCHIGIKEN,KiK-net11A,,,N.AWNH,2000/08/14
TCGH15,Fs{,UTSUNOMIYA,36.5595,139.8637,125,300,Ȗ،,TOCHIGIKEN,KiK-net11B,,,N.UMYH,2000/08/14
TCGH16,F,HAGA,36.5480,140.0751,105,112,Ȗ،,TOCHIGIKEN,KiK-net11A,,,N.HGAH,2000/08/14
TCGH17,2,FUJIHARA2,36.9853,139.6922,635,104,Ȗ،,TOCHIGIKEN,KiK-net06,,,N.FJ2H,2004/06/11
TCGH19,c2,OHTAWARA2,36.9060,140.1119,204,100,Ȗ،,TOCHIGIKEN,KiK-net11A,,,N.OT2H,2024/03/19
TKCH01,,RIKUBETSU,43.4683,143.6830,251,122,kC,HOKKAIDO,KiK-net18,,,N.RKBH,2000/08/14
TKCH02,,ASHORO-E,43.3822,143.8983,328,103,kC,HOKKAIDO,KiK-net18,,,N.AYEH,2000/08/14
TKCH03,,ASHORO-W,43.2708,143.4317,199,200,kC,HOKKAIDO,KiK-net11B,,,N.AYWH,2000/08/14
TKCH04,V,SHINTOKU-S,43.1739,142.9176,220,172,kC,HOKKAIDO,KiK-net18,,,N.SKSH,2000/09/06
TKCH05,{,HOMBETSU,43.1211,143.6181,65,100,kC,HOKKAIDO,KiK-net18,,,N.HBTH,2000/08/14
TKCH06,莺,MEMURO,42.8920,143.0603,97,227,kC,HOKKAIDO,KiK-net18,,,N.MMRH,2000/08/14
TKCH07,L,TOYOKORO,42.8114,143.5203,9,100,kC,HOKKAIDO,KiK-net18,,,N.TYRH,2000/08/14
TKCH08,,TAIKI,42.4865,143.1520,360,100,kC,HOKKAIDO,KiK-net11B,,,N.TKIH,2000/09/07
TKCH10,Vk,SHINTOKU-N,43.3337,142.9448,365,100,kC,HOKKAIDO,KiK-net18,,,N.SKNH,2001/05/15
TKCH11,,SHIMIZU,42.8742,142.8830,419,100,kC,HOKKAIDO,KiK-net18,,,N.SHZH,2000/12/01
TKSH01,a,HIWASA,33.7751,134.4994,155,100,,TOKUSHIMAKEN,KiK-net11A,,,N.HWSH,2000/08/14
TKSH02,,SADAMITSU,34.0112,134.0918,190,100,,TOKUSHIMAKEN,KiK-net11A,,,N.SADH,2000/08/14
TKSH03,؉,KOYADAIRA,33.8778,134.1294,640,201,,TOKUSHIMAKEN,KiK-net11A,,,N.KYDH,2000/08/14
TKSH04,,TOKUSHIMA,33.9902,134.5337,10,100,,TOKUSHIMAKEN,KiK-net11B,,,N.TOKH,2002/03/01
TKSH05,C,KAINAN,33.6628,134.3156,40,143,,TOKUSHIMAKEN,KiK-net11B,,,N.KNNH,2002/03/14
TKSH06,,IKAWA,33.9997,133.8933,605,157,,TOKUSHIMAKEN,KiK-net11C,,,N.IKWH,2004/03/13
TKYH02,{,FUCHU,35.6539,139.4704,45,2753,s,TOKYOTO,KiK-net06,,,N.FCHH,2008/03/25
TKYH11,],KOTO,35.6114,139.8125,6,3000,s,TOKYOTO,KiK-net11A,,,N.KOTH,2005/04/01
TKYH12,q,HACHIOJI,35.6701,139.2650,210,147,s,TOKYOTO,KiK-net11A,,,N.HOJH,2003/01/15
TKYH13,w,HINOHARA-S,35.7017,139.1275,360,100,s,TOKYOTO,KiK-net11B,,,N.HH2H,2003/01/15
TTRH01,q,CHIZU,35.2604,134.2173,230,200,挧,TOTTORIKEN,KiK-net11A,,,N.CHZH,2000/08/14
TTRH02,,HINO,35.2313,133.3909,410,100,挧,TOTTORIKEN,KiK-net11A,,,N.HINH,2000/08/14
TTRH03,a,MIZOKUCHI,35.3553,133.4918,420,200,挧,TOTTORIKEN,KiK-net11A,,,N.MZKH,2000/08/14
TTRH04,ԍ,AKASAKI,35.4668,133.6307,114,207,挧,TOTTORIKEN,KiK-net18,,,N.AKSH,2000/08/14
TTRH05,,IWAMI,35.5729,134.3426,15,152,挧,TOTTORIKEN,KiK-net18,,,N.IAMH,2000/12/07
TTRH06,͌,KAWAHARA,35.3946,134.1988,30,100,挧,TOTTORIKEN,KiK-net18,,,N.KWHH,2002/03/13
TTRH07,֋,SEKIGANE,35.3649,133.7486,135,100,挧,TOTTORIKEN,KiK-net18,,,N.SKGH,2002/03/12
TYMH01,X,HIMI,36.8866,136.9276,30,200,xR,TOYAMAKEN,KiK-net18,,,N.HIMH,2000/08/14
TYMH02,,DAIMON,36.7142,137.0378,5,212,xR,TOYAMAKEN,KiK-net18,,,N.DMOH,2000/08/14
TYMH03,xR,TOYAMA,36.7294,137.2627,8,580,xR,TOYAMAKEN,KiK-net18,,,N.TOYH,2000/08/14
TYMH04,,UOZU,36.7914,137.4689,154,100,xR,TOYAMAKEN,KiK-net18,,,N.UOZH,2000/08/14
TYMH05,g,INAMI,36.5736,136.9584,89,144,xR,TOYAMAKEN,KiK-net18,,,N.IMIH,2000/08/14
TYMH06,,YATSUO,36.5711,137.1595,110,200,xR,TOYAMAKEN,KiK-net18,,,N.YTOH,2000/08/14
TYMH07,,TOGA,36.4406,137.0392,670,100,xR,TOYAMAKEN,KiK-net18,,,N.TOGH,2000/08/14
WKYH01,L,HIROGAWA,33.9804,135.2122,60,101,a̎R,WAKAYAMAKEN,KiK-net11A,,,N.HRKH,2000/08/14
WKYH02,ԉ,HANAZONO,34.1373,135.5369,400,100,a̎R,WAKAYAMAKEN,KiK-net11A,,,N.HNZH,2000/08/14
WKYH03,,NOKAMI,34.1314,135.3244,120,100,a̎R,WAKAYAMAKEN,KiK-net11A,,,N.NKMH,2000/08/14
WKYH04,,SUSAMI,33.5559,135.5454,130,100,a̎R,WAKAYAMAKEN,KiK-net11A,,,N.SSMH,2000/08/14
WKYH05,ߒqY,NACHIKATSUURA,33.6072,135.8619,30,100,a̎R,WAKAYAMAKEN,KiK-net11A,,,N.NKTH,2000/08/14
WKYH06,哃,OTO,33.6948,135.5953,218,100,a̎R,WAKAYAMAKEN,KiK-net11A,,,N.OTOH,2000/08/14
WKYH07,xc,KAMITONDA,33.6894,135.4396,22,100,a̎R,WAKAYAMAKEN,KiK-net11A,,,N.KTDH,2000/08/14
WKYH08,߉,NAGA,34.3228,135.4483,560,112,a̎R,WAKAYAMAKEN,KiK-net11A,,,N.NAGH,2000/08/14
WKYH09,a̎R,WAKAYAMA,34.2868,135.0714,5,200,a̎R,WAKAYAMAKEN,KiK-net11A,,,N.WKYH,2000/08/14
WKYH10,,INAMI,33.8248,135.2172,40,100,a̎R,WAKAYAMAKEN,KiK-net11A,,,N.INMH,2000/08/14
YMGH01,h{,HOFU,34.0494,131.5618,35,200,R,YAMAGUCHIKEN,KiK-net11A,,,N.HOFH,2000/08/14
YMGH02,I,MINE,34.1111,131.1434,70,200,R,YAMAGUCHIKEN,KiK-net11A,,,N.MNEH,2000/08/14
YMGH03,⍑,IWAKUNI,34.1891,132.1260,85,200,R,YAMAGUCHIKEN,KiK-net11A,,,N.IKNH,2000/08/14
YMGH04,,SHUTO,34.0270,132.0626,175,100,R,YAMAGUCHIKEN,KiK-net11A,,,N.SYTH,2000/08/14
YMGH05,,MIKAWA,34.1974,131.9943,68,200,R,YAMAGUCHIKEN,KiK-net11A,,,N.MKWH,2000/08/14
YMGH06,F,UBE,33.9893,131.3012,80,200,R,YAMAGUCHIKEN,KiK-net11A,,,N.UBEH,2000/08/14
YMGH07,e,KIKUGAWA,34.1149,131.0506,30,200,R,YAMAGUCHIKEN,KiK-net11A,,,N.KIKH,2000/08/14
YMGH08,LY,TOYOURA,34.1349,130.9323,45,201,R,YAMAGUCHIKEN,KiK-net11A,,,N.TYUH,2000/08/14
YMGH09,c,TAMAGAWA,34.6257,131.6681,10,100,R,YAMAGUCHIKEN,KiK-net11A,,,N.TMGH,2000/08/14
YMGH10,ނ,MUTSUMI,34.4837,131.6329,365,200,R,YAMAGUCHIKEN,KiK-net11A,,,N.MTMH,2000/08/14
YMGH11,n,TOKUJI,34.2091,131.6859,120,200,R,YAMAGUCHIKEN,KiK-net11A,,,N.TKJH,2000/08/14
YMGH12,,MITO,34.2176,131.3597,150,102,R,YAMAGUCHIKEN,KiK-net06,,,N.MTOH,2000/08/14
YMGH13,,NAGATO,34.3408,131.1770,42,200,R,YAMAGUCHIKEN,KiK-net06,,,N.NGTH,2000/08/14
YMGH14,,HAGI,34.3979,131.3774,5,100,R,YAMAGUCHIKEN,KiK-net06,,,N.HGIH,2002/03/19
YMGH15,R,TOKUYAMA,33.9725,131.8149,100,110,R,YAMAGUCHIKEN,KiK-net06,,,N.TKUH,2002/04/26
YMGH16,,KAMINOSEKI,33.8260,132.1040,65,106,R,YAMAGUCHIKEN,KiK-net06,,,N.KNSH,2002/07/01
YMGH17,a,TOWA,33.9291,132.4046,5,100,R,YAMAGUCHIKEN,KiK-net06,,,N.TOHH,2002/03/21
YMNH08,쌴,NISHINOHARA,35.6895,138.7340,375,1206,R,YAMANASHIKEN,KiK-net06,,,N.NSHH,2003/01/01
YMNH09,,HAYAKAWA,35.4327,138.3325,393,158,R,YAMANASHIKEN,KiK-net18,,,N.HYKH,2001/02/01
YMNH10,k,HAYAKAWA-N,35.5351,138.3087,695,107,R,YAMANASHIKEN,KiK-net11A,,,N.HYNH,2003/02/11
YMNH11,匎,OHTSUKI,35.6247,138.9777,465,200,R,YAMANASHIKEN,KiK-net06,,,N.OOKH,2003/02/15
YMNH12,,MASUHO,35.5623,138.4490,295,148,R,YAMANASHIKEN,KiK-net06,,,N.MSFH,2003/02/15
YMNH13,g,MINOBU,35.3509,138.4203,255,204,R,YAMANASHIKEN,KiK-net11A,,,N.MBUH,2003/02/11
YMNH14,s,TSURU-S,35.5115,138.9675,1010,250,R,YAMANASHIKEN,KiK-net11A,,,N.TU2H,2003/05/01
YMNH15,F,KAMIKUISHIKI,35.5323,138.6045,525,116,R,YAMANASHIKEN,KiK-net11A,,,N.KKKH,2004/06/16
YMNH16,b{2,KOFU2,35.7421,138.5653,595,256,R,YAMANASHIKEN,KiK-net18,,,N.KF2H,2006/11/06
YMTH01,V,TENDO,38.3841,140.3805,113,207,R`,YAMAGATAKEN,KiK-net11A,,,N.TDOH,2000/08/14
YMTH02,R`,YAMAGATA,38.2693,140.2583,130,150,R`,YAMAGATAKEN,KiK-net11A,,,N.YGTH,2000/08/14
YMTH03,z,NANYO,38.1035,140.1553,278,114,R`,YAMAGATAKEN,KiK-net11A,,,N.NYOH,2000/08/14
YMTH04,R,KAMINOYAMA,38.0813,140.2978,315,100,R`,YAMAGATAKEN,KiK-net11A,,,N.KMYH,2000/08/14
YMTH05,,OGUNI,37.9883,139.8017,280,107,R`,YAMAGATAKEN,KiK-net06,,,N.ONIH,2000/08/14
YMTH06,,TAKAHATA,37.9633,140.1836,233,145,R`,YAMAGATAKEN,KiK-net11,,,N.THTH,2000/08/14
YMTH07,đ,YONEZAWA,37.8960,140.0278,352,200,R`,YAMAGATAKEN,KiK-net18,,,N.YNZH,2000/08/14
YMTH08,,YAWATA,38.9701,140.0333,115,106,R`,YAMAGATAKEN,KiK-net11A,,,N.YWTH,2000/08/14
YMTH09,ˑ,TOZAWA,38.7498,140.1780,65,200,R`,YAMAGATAKEN,KiK-net11A,,,N.TZWH,2000/08/14
YMTH10,M`,FUNAGATA,38.7107,140.3744,105,204,R`,YAMAGATAKEN,KiK-net11A,,,N.FGTH,2000/08/14
YMTH11,ŏ,MOGAMI,38.7132,140.5544,253,109,R`,YAMAGATAKEN,KiK-net06,,,N.MGMH,2000/08/14
YMTH12,,TACHIKAWA,38.6357,140.0055,320,203,R`,YAMAGATAKEN,KiK-net06,,,N.TCKH,2000/08/14
YMTH13,,ASAHI,38.4704,139.7606,265,104,R`,YAMAGATAKEN,KiK-net11A,,,N.ASAH,2000/08/14
YMTH14,쐼,NISHIKAWA-W,38.3860,139.9916,465,103,R`,YAMAGATAKEN,KiK-net11C,,,N.NKWH,2000/08/14
YMTH15,쓌,NISHIKAWA-E,38.4257,140.1249,305,100,R`,YAMAGATAKEN,KiK-net11C,,,N.NKEH,2000/08/14
